institution,region,countryabbrv,homepage
United States Air Force Research Laboratory,northamerica,us,
Pennsylvania State University,northamerica,us,
Lawrence Livermore National Laboratory,northamerica,us,
Indian Institute of Technology Bombay,asia,in,
The Ohio State University,northamerica,us,
Oak Ridge National Laboratory,northamerica,us,
Max-Planck-Institut für Nachhaltige Materialien,europe,de,
Lawrence Berkeley National Laboratory,northamerica,us,
Universität Hamburg,europe,de,
Georgia Institute of Technology,northamerica,us,
Centre for Process Innovation,europe,gb,
RWTH Aachen University,europe,de,
Combustion Institute,northamerica,us,
Vector Oncology (United States),northamerica,us,
University of Sheffield,europe,gb,
Transnational Press London,world,,
Mercator Research Institute on Global Commons and Climate Change,europe,de,
Massachusetts Institute of Technology,northamerica,us,
Greenhouse Gas Industries (United States),northamerica,us,
Imperial College London,europe,gb,
United States Department of Energy,northamerica,us,
Newcastle University,europe,gb,
Commonwealth Scientific and Industrial Research Organisation,australasia,au,
Berkeley College,northamerica,us,
University of Cambridge,europe,gb,
Public Policy Institute of California,northamerica,us,
The University of Melbourne,australasia,au,
Colorado School of Mines,northamerica,us,
The Faraday Institution,europe,gb,
Tyndall Centre,europe,gb,
University of Leicester,europe,gb,
Argonne National Laboratory,northamerica,us,
Hanyang University,asia,kr,
The University of Texas at Austin,northamerica,us,
Lehigh University,northamerica,us,
Yale University,northamerica,us,
City University of Hong Kong,asia,hk,
Harvard University,northamerica,us,
University of Illinois Urbana-Champaign,northamerica,us,
University of Science and Technology Beijing,asia,cn,
Tohoku University,asia,jp,
University of Tennessee at Knoxville,northamerica,us,
Ames National Laboratory,northamerica,us,
Oregon State University,northamerica,us,
TU Dortmund University,europe,de,
Purdue University West Lafayette,northamerica,us,
University of Oxford,europe,gb,
"University of California, Los Angeles",northamerica,us,
Humboldt-Universität zu Berlin,europe,de,
University of Leeds,europe,gb,
University of Aberdeen,europe,gb,
Nanyang Technological University,asia,sg,
Stellenbosch University,africa,za,
Marshall Space Flight Center,northamerica,us,
University of KwaZulu-Natal,africa,za,
Fraunhofer Institute for Material and Beam Technology,europe,de,
RMIT University,australasia,au,
Norwegian University of Science and Technology,europe,no,
European Theoretical Spectroscopy Facility,europe,be,
University of Liège,europe,be,
"Rutgers, The State University of New Jersey",northamerica,us,
Harvard–MIT Division of Health Sciences and Technology,northamerica,us,
New Jersey Institute of Technology,northamerica,us,
Jilin University of Chemical Technology,asia,cn,
Beijing University of Chemical Technology,asia,cn,
Inha University,asia,kr,
"University of Maryland, College Park",northamerica,us,
University of Illinois Chicago,northamerica,us,
Johns Hopkins University,northamerica,us,
Polytechnique Montréal,northamerica,ca,
GTT-Technologies (Germany),europe,de,
McGill University,northamerica,ca,
Korea Post,asia,kr,
Spencer Foundation,northamerica,us,
Duke University,northamerica,us,
Beijing Institute of Technology,asia,cn,
Chinese Academy of Sciences,asia,cn,
Chongqing University,asia,cn,
North Carolina State University,northamerica,us,
Austrian Academy of Sciences,europe,at,
École Polytechnique Fédérale de Lausanne,europe,ch,
Carbon Engineering (Canada),northamerica,ca,
Cranfield University,europe,gb,
Leiden University,europe,nl,
Universidad Carlos III de Madrid,europe,es,
Zhejiang Institute of Mechanical and Electrical Engineering,asia,cn,
Chongqing University of Science and Technology,asia,cn,
Zhejiang University,asia,cn,
Center for High Pressure Science and Technology Advanced Research,asia,cn,
Beijing Advanced Sciences and Innovation Center,asia,cn,
Wright-Patterson Air Force Base,northamerica,us,
Eindhoven University of Technology,europe,nl,
Case Western Reserve University,northamerica,us,
Nanjing University of Aeronautics and Astronautics,asia,cn,
Fraunhofer Institute for Laser Technology,europe,de,
Cardiff University,europe,gb,
Northwestern Polytechnical University,asia,cn,
Institute for Advanced Engineering,asia,kr,
Hong Kong Polytechnic University,asia,hk,
Beijing University of Technology,asia,cn,
Central South University,asia,cn,
Centre National de la Recherche Scientifique,europe,fr,
University of Wollongong,australasia,au,
Pohang University of Science and Technology,asia,kr,
Monash University,australasia,au,
Pohang Iron and Steel (South Korea),asia,kr,
Tsinghua University,asia,cn,
Potsdam Institute for Climate Impact Research,europe,de,
University of Wisconsin–Madison,northamerica,us,
International Institute for Applied Systems Analysis,europe,at,
Foshan University,asia,cn,
Arizona State University,northamerica,us,
Universidad de Antioquia,southamerica,co,
Harbin Institute of Technology,asia,cn,
University of Jaffna,asia,lk,
Aligarh Muslim University,asia,in,
Australian Research Council,australasia,au,
Ford Motor Company (United States),northamerica,us,
AstraZeneca (Japan),asia,jp,
AstraZeneca (Sweden),europe,se,
Lincoln University,australasia,nz,
Cornell University,northamerica,us,
University of Minnesota,northamerica,us,
University of Helsinki,europe,fi,
University of New Hampshire,northamerica,us,
Stanford University,northamerica,us,
Indiana University Bloomington,northamerica,us,
University of Idaho,northamerica,us,
College of Charleston,northamerica,us,
BOKU University,europe,at,
Institute of Dendrology,europe,pl,
University of Nottingham,europe,gb,
Singapore Institute of Manufacturing Technology,asia,sg,
Samsung (United States),northamerica,us,
Open Medicine Institute,northamerica,us,
Nanjing University,asia,cn,
Beijing Forestry University,asia,cn,
North China Electric Power University,asia,cn,
Dalian Institute of Chemical Physics,asia,cn,
Institut de Chimie,europe,fr,
UNSW Sydney,australasia,au,
Shanghai Jiao Tong University,asia,cn,
Kunming University of Science and Technology,asia,cn,
Central Pollution Control Board,asia,in,
Ruhr University Bochum,europe,de,
Tel Aviv University,asia,il,
"University of California, Irvine",northamerica,us,
Washington State University,northamerica,us,
Universidade de Santiago de Compostela,europe,es,
Consejo Nacional de Investigaciones Científicas y Técnicas,southamerica,ar,
Palo Alto Institute,northamerica,us,
Karlsruhe Institute of Technology,europe,de,
Indian Institute of Technology Madras,asia,in,
Montanuniversität Leoben,europe,at,
Diponegoro University,asia,id,
Worcester Polytechnic Institute,northamerica,us,
Battery Park,northamerica,us,
Polytechnic University of Timişoara,europe,ro,
Nanjing Tech University,asia,cn,
University of Toronto,northamerica,ca,
University of Michigan,northamerica,us,
University of Birmingham,europe,gb,
University of California San Diego,northamerica,us,
University of Bridgeport,northamerica,us,
Lockheed Martin (United States),northamerica,us,
University of Hong Kong,asia,hk,
National Taiwan University,asia,tw,
Huazhong University of Science and Technology,asia,cn,
Brunel University of London,europe,gb,
Lappeenranta-Lahti University of Technology,europe,fi,
Mississippi State University,northamerica,us,
Swinburne University of Technology,australasia,au,
Woods Hole Oceanographic Institution,northamerica,us,
Boston Children's Hospital,northamerica,us,
University of Stuttgart,europe,de,
Turing Institute,europe,gb,
"University of California, Berkeley",northamerica,us,
NASA Research Park,northamerica,us,
University of Pennsylvania,northamerica,us,
National Academy of Sciences,northamerica,us,
ETH Zurich,europe,ch,
Carnegie Mellon University,northamerica,us,
Institute of Process Engineering,asia,cn,
Edith Cowan University,australasia,au,
Leidos (United States),northamerica,us,
"Fraunhofer Institute for Environmental, Safety and Energy Technology UMSICHT",europe,de,
Mälardalen University,europe,se,
University of Science and Technology of China,asia,cn,
State Key Laboratory of New Ceramics and Fine Processing,world,,
Dalian University of Technology,asia,cn,
Nanjing University of Science and Technology,asia,cn,
Chalmers University of Technology,europe,se,
Stockholm University,europe,se,
State Key Laboratory of Silicon Materials,world,,
University of North Carolina at Charlotte,northamerica,us,
Aerospace Research Institute of Materials and Processing Technology,asia,cn,
Nanjing University of Posts and Telecommunications,asia,cn,
Zhengzhou University,asia,cn,
Xi'an Jiaotong University,asia,cn,
Guilin University of Electronic Technology,asia,cn,
Donghua University,asia,cn,
North China University of Science and Technology,asia,cn,
Shenzhen University,asia,cn,
Zhengzhou University of Aeronautics,asia,cn,
"University of Nevada, Reno",northamerica,us,
The University of Queensland,australasia,au,
Friedrich-Alexander-Universität Erlangen-Nürnberg,europe,de,
Loughborough University,europe,gb,
University of Denver,northamerica,us,
Kent State University,northamerica,us,
University of Technology Malaysia,asia,my,
Ferdowsi University of Mashhad,asia,ir,
Fudan University,asia,cn,
Peking University,asia,cn,
Sandvik (Sweden),europe,se,
University of Manchester,europe,gb,
Azarbaijan Shahid Madani University,asia,ir,
Belgorod National Research University,europe,ru,
İskenderun Technical University,asia,tr,
UCLouvain,europe,be,
University of Waterloo,northamerica,ca,
University of Tehran,asia,ir,
Illinois Institute of Technology,northamerica,us,
Institut polytechnique de Grenoble,europe,fr,
University of Nottingham Ningbo China,asia,cn,
California NanoSystems Institute,northamerica,us,
Princeton University,northamerica,us,
University of Pittsburgh,northamerica,us,
Toyota Research Institute,world,,
University of Toledo,northamerica,us,
Auburn University,northamerica,us,
University of Bologna,europe,it,
KU Leuven,europe,be,
MIT Lincoln Laboratory,northamerica,us,
University of Oklahoma,northamerica,us,
Membrane Technology & Research (United States),northamerica,us,
University of Lisbon,europe,pt,
Collaborative Innovation Center of Advanced Microstructures,asia,cn,
Nagoya Institute of Technology,asia,jp,
Kyushu University,asia,jp,
University of Copenhagen,europe,dk,
Technical University of Denmark,europe,dk,
Jilin University,asia,cn,
Shanghai Academy of Spaceflight Technology,asia,cn,
Changchun Institute of Technology,asia,cn,
University of Wyoming,northamerica,us,
Shanghai University,asia,cn,
Kyung Hee University,asia,kr,
University of New Orleans,northamerica,us,
University of Edinburgh,europe,gb,
Swansea University,europe,gb,
Renfe Operadora (Spain),europe,es,
Shanghai University of Electric Power,asia,cn,
"Czech Academy of Sciences, Institute of Physics of Materials",europe,cz,
Khalifa University of Science and Technology,asia,ae,
New York University,northamerica,us,
University of Louisville,northamerica,us,
Northwestern University,northamerica,us,
University of South Australia,australasia,au,
Queensland University of Technology,australasia,au,
Xi'an Technological University,asia,cn,
"University of California, Santa Barbara",northamerica,us,
Rice University,northamerica,us,
Guangdong Ocean University,asia,cn,
Los Alamos National Laboratory,northamerica,us,
Thomas Young Centre,europe,gb,
National Institute of Advanced Industrial Science and Technology,asia,jp,
University of Connecticut,northamerica,us,
Adolfo Ibáñez University,southamerica,cl,
Shandong University,asia,cn,
Vattenfall (Sweden),europe,se,
KTH Royal Institute of Technology,europe,se,
University of Stavanger,europe,no,
East China University of Science and Technology,asia,cn,
University of Wisconsin–Milwaukee,northamerica,us,
University of North Texas,northamerica,us,
The University of Tokyo,asia,jp,
University of Virginia,northamerica,us,
University of Southampton,europe,gb,
National University of Singapore,asia,sg,
Wuhan National Laboratory for Optoelectronics,asia,cn,
Northeastern University,asia,cn,
Anhui University of Technology,asia,cn,
University of Nigeria,africa,ng,
"China University of Petroleum, Beijing",asia,cn,
James Cook University,australasia,au,
Queen Mary University of London,europe,gb,
Slovak Academy of Sciences,europe,sk,
Virginia Tech,northamerica,us,
Max Planck Society,europe,de,
Universidade Nova de Lisboa,europe,pt,
Booz Allen Hamilton (United States),northamerica,us,
Tennessee Technological University,northamerica,us,
Joint Research Centre,europe,nl,
Linde (Germany),europe,de,
Delft University of Technology,europe,nl,
3D Systems (Belgium),europe,be,
Heidelberg University,europe,de,
National Tsing Hua University,asia,tw,
National Textile University,asia,pk,
Qingdao University of Science and Technology,asia,cn,
Swiss Federal Laboratories for Materials Science and Technology,europe,ch,
Universidad de Zaragoza,europe,es,
Ayuntamiento de San Sebastián,europe,es,
Leibniz University Hannover,europe,de,
Queen's University Belfast,europe,gb,
South Valley University,africa,eg,
Egyptian Atomic Energy Authority,africa,eg,
Port Said University,africa,eg,
Callaghan Innovation,australasia,nz,
Saudi Arabia Basic Industries (Saudi Arabia),asia,sa,
University of Southern Queensland,australasia,au,
University of Bath,europe,gb,
Interstate University of Applied Sciences of Technology Buchs,europe,ch,
Deutsches Zentrum für Luft- und Raumfahrt e. V. (DLR),europe,de,
Diamond Light Source,europe,gb,
Rutherford Appleton Laboratory,europe,gb,
Lebanese University,asia,lb,
Science and Technology on Surface Physics and Chemistry Laboratory,asia,cn,
Institute of Mechanics,asia,cn,
Clemson University,northamerica,us,
Hysitron (United States),northamerica,us,
"University of California, Riverside",northamerica,us,
Politecnico di Milano,europe,it,
Tianjin University,asia,cn,
Beijing Institute of Aeronautical Materials,asia,cn,
Impact Technology Development (United States),northamerica,us,
Inspire,europe,ch,
Stockholm School of Economics,europe,se,
University of Malaya,asia,my,
Centre for Policy Research,asia,in,
Newcastle University Medicine Malaysia,asia,my,
George Mason University,northamerica,us,
University of Münster,europe,de,
European Research Council,europe,be,
Uppsala University,europe,se,
Forschungszentrum Jülich,europe,de,
Wrocław University of Science and Technology,europe,pl,
Chosun University,asia,kr,
University of Vermont,northamerica,us,
University of Technology Sydney,australasia,au,
Institut des Sciences de la Terre,europe,fr,
Geological Society of London,europe,gb,
Universidade do Estado do Pará,southamerica,br,
University of the Witwatersrand,africa,za,
United States Geological Survey,northamerica,us,
International Union of Geodesy and Geophysics,europe,de,
The University of Western Australia,australasia,au,
Qingdao University,asia,cn,
Ludong University,asia,cn,
Federal University of Technology,africa,ng,
University of Ottawa,northamerica,ca,
Granta Design (United Kingdom),europe,gb,
"University of California, Davis",northamerica,us,
Missouri University of Science and Technology,northamerica,us,
HRL Laboratories (United States),northamerica,us,
Egyptian Petroleum Research Institute,africa,eg,
Tata Steel (Netherlands),europe,nl,
Tata Steel (India),asia,in,
Institute of Physics,asia,cn,
University of Sussex,europe,gb,
London School of Economics and Political Science,europe,gb,
System Simulation (United Kingdom),europe,gb,
San Jose State University,northamerica,us,
Hong Kong University of Science and Technology,asia,hk,
TU Wien,europe,at,
Pontificia Universidad Católica de Chile,southamerica,cl,
George Washington University,northamerica,us,
Universidade Federal do Rio Grande,southamerica,br,
Ontario Tech University,northamerica,ca,
Lund University,europe,se,
General Motors (United States),northamerica,us,
Fusion for Energy,europe,es,
Shandong University of Technology,asia,cn,
University of Trento,europe,it,
Bournemouth University,europe,gb,
National University of Sciences and Technology,asia,pk,
Tiangong University,asia,cn,
Wuhan University,asia,cn,
King Fahd University of Petroleum and Minerals,asia,sa,
General Electric (United States),northamerica,us,
China University of Geosciences,asia,cn,
Aston University,europe,gb,
National Technical University of Athens,europe,gr,
Hitachi (Germany),europe,de,
University of Massachusetts Amherst,northamerica,us,
Texas A&M University,northamerica,us,
Shell (United States),northamerica,us,
North Eastern Regional Institute of Science and Technology,asia,in,
Lovely Professional University,asia,in,
Peter the Great St. Petersburg Polytechnic University,europe,ru,
Uttaranchal University,asia,in,
TU Bergakademie Freiberg,europe,de,
Engineering and Physical Sciences Research Council,europe,gb,
National University of Salta,southamerica,ar,
Sultan Qaboos University,asia,om,
Vels University,asia,in,
Leibniz-Institut für Verbundwerkstoffe GmbH,europe,de,
National Institute of Clean and Low-Carbon Energy,asia,cn,
Hohai University,asia,cn,
Budapest University of Technology and Economics,europe,hu,
Ideko (Spain),europe,es,
University of British Columbia,northamerica,ca,
Sabancı Üniversitesi,asia,tr,
State Street (United States),northamerica,us,
National Institute of Technology Rourkela,asia,in,
California Institute of Technology,northamerica,us,
Bolu Abant İzzet Baysal University,asia,tr,
Karabük University,asia,tr,
King Abdulaziz City for Science and Technology,asia,sa,
University of Auckland,australasia,nz,
DuPont (United States),northamerica,us,
University College Dublin,europe,ie,
Université Fédérale de Toulouse Midi-Pyrénées,europe,fr,
Universidad de Sevilla,europe,es,
Asociación de Investigación y Cooperación Industrial de Andalucía,europe,es,
University of Exeter,europe,gb,
National Energy Technology Laboratory,northamerica,us,
University of Sharjah,asia,ae,
Technische Universität Darmstadt,europe,de,
University of Alabama,northamerica,us,
Ghent University,europe,be,
Central University of Technology,africa,za,
SLAC National Accelerator Laboratory,northamerica,us,
Australian National University,australasia,au,
Emerson (Norway),europe,no,
University of Wolverhampton,europe,gb,
University of Limerick,europe,ie,
University of the West of Scotland,europe,gb,
Universidad de Granada,europe,es,
University of Engineering and Technology Taxila,asia,pk,
National Metallurgical Laboratory,asia,in,
Korea Institute of Geoscience and Mineral Resources,asia,kr,
Korea Maritime and Ocean University,asia,kr,
Université Paris-Sud,europe,fr,
University of Warwick,europe,gb,
University of Moratuwa,asia,lk,
Monash University Malaysia,asia,my,
Kyoto University,asia,jp,
Singapore University of Technology and Design,asia,sg,
Universidad de Antofagasta,southamerica,cl,
Universitat de Lleida,europe,es,
University of Colorado Boulder,northamerica,us,
Zhejiang Sci-Tech University,asia,cn,
VTT Technical Research Centre of Finland,europe,fi,
Tianjin Chengjian University,asia,cn,
Zhejiang Ocean University,asia,cn,
Universidad Rey Juan Carlos,europe,es,
The University of Texas at El Paso,northamerica,us,
Curtin University,australasia,au,
The University of Adelaide,australasia,au,
Auckland University of Technology,australasia,nz,
Indian Institute of Technology Dhanbad,asia,in,
Netherlands Environmental Assessment Agency,europe,nl,
Utrecht University,europe,nl,
University of Utah,northamerica,us,
Sejong University,asia,kr,
Earth Island Institute,northamerica,us,
University of Arizona,northamerica,us,
Tokyo University of the Arts,asia,jp,
China University of Geosciences (Beijing),asia,cn,
Pacific Northwest National Laboratory,northamerica,us,
Warsaw University of Technology,europe,pl,
United Kingdom Atomic Energy Authority,europe,gb,
South China University of Technology,asia,cn,
Rio Tinto (Canada),northamerica,ca,
University of Newcastle Australia,australasia,au,
Oxford Technologies (United Kingdom),europe,gb,
British Geological Survey,europe,gb,
Beijing Jiaotong University,asia,cn,
Lyon 1 Université,europe,fr,
United States Naval Research Laboratory,northamerica,us,
Universitat Politècnica de Catalunya,europe,es,
RIKEN Center for Emergent Matter Science,asia,jp,
National Institute for Materials Science,asia,jp,
SPring-8,asia,jp,
The University of Sydney,australasia,au,
Helmholtz-Zentrum Hereon,europe,de,
Indian Institute of Technology Roorkee,asia,in,
Florida International University,northamerica,us,
University of Tsukuba,asia,jp,
Indian Institute of Science Bangalore,asia,in,
Southwest Petroleum University,asia,cn,
Heriot-Watt University,europe,gb,
Columbia University,northamerica,us,
Salzgitter Group (Germany),europe,de,
Mannesmann (Germany),europe,de,
University of Tübingen,europe,de,
Southern Regional Research Center,northamerica,us,
Central Scientific Instruments Organisation,asia,in,
Korea University,asia,kr,
Indian Institute of Technology Bhubaneswar,asia,in,
Jet Propulsion Laboratory,northamerica,us,
Southern University of Science and Technology,asia,cn,
Shenzhen Technology University,asia,cn,
Rochester Institute of Technology,northamerica,us,
Instituto de Investigación en Ingeniería de Aragón,europe,es,
Decision Systems (United States),northamerica,us,
Pontificia Universidad Javeriana,southamerica,co,
University of Zurich,europe,ch,
Technical University of Munich,europe,de,
Intel (United States),northamerica,us,
University of Oulu,europe,fi,
Huawei Technologies (France),europe,fr,
Yarmouk University,asia,jo,
Universiti Tenaga Nasional,asia,my,
Western Michigan University,northamerica,us,
Vietnamese Voluntary Foundation,northamerica,us,
Tafila Technical University,asia,jo,
Qatar Cardiovascular Research Center,asia,qa,
"Agency for Science, Technology and Research",asia,sg,
Southeast University,asia,cn,
Brown University,northamerica,us,
University College London,europe,gb,
Purple Mountain Laboratories,asia,cn,
University of Luxembourg,europe,lu,
Sensors (United States),northamerica,us,
New Mexico State University,northamerica,us,
Délégation Paris 7,europe,fr,
Institut national de l’information géographique et forestière,europe,fr,
University of Klagenfurt,europe,at,
Lakeside Labs,europe,at,
Foundation for Research and Technology Hellas,europe,gr,
University of Cyprus,asia,cy,
Xidian University,asia,cn,
Simula Metropolitan Center for Digital Engineering,europe,no,
National Laboratory of the Rockies,northamerica,us,
Fraunhofer Institute for Wind Energy Systems,europe,de,
Wind Power Engineering (Japan),asia,jp,
Kjeller Vindteknikk (Norway),europe,no,
National Oceanic and Atmospheric Administration,northamerica,us,
National Renewable Energy Centre,europe,es,
Sandia National Laboratories,northamerica,us,
Carl von Ossietzky Universität Oldenburg,europe,de,
Environmental Mutagenesis and Genomics Society,northamerica,us,
Electric Power Research Institute,northamerica,us,
State Key Laboratory of Millimeter Waves,world,,
University of Electronic Science and Technology of China,asia,cn,
Bradley University,northamerica,us,
Supélec,europe,fr,
Altran (France),europe,fr,
Nokia (Ireland),europe,ie,
Centre Tecnologic de Telecomunicacions de Catalunya,europe,es,
University of Milan,europe,it,
Pathfinder International,northamerica,us,
Université Paris-Saclay,europe,fr,
Durham University,europe,gb,
Robotics Research (United States),northamerica,us,
Beijing University of Posts and Telecommunications,asia,cn,
Changchun Normal University,asia,cn,
Sichuan University,asia,cn,
Wenzhou University,asia,cn,
Birzeit University,asia,ps,
Hamdard University,asia,pk,
Université de Technologie de Compiègne,europe,fr,
American Institute of Aeronautics and Astronautics,northamerica,us,
Weizmann Institute of Science,asia,il,
China Academy of Engineering Physics,asia,cn,
National University of Defense Technology,asia,cn,
Université de Sherbrooke,northamerica,ca,
University of Siegen,europe,de,
Erasmus University Rotterdam,europe,nl,
University of Missouri–St. Louis,northamerica,us,
University of Western Macedonia,europe,gr,
South East European Research Centre,europe,gr,
University of Peloponnese,europe,gr,
Aalto University,europe,fi,
Institut national de recherche en sciences et technologies du numérique,europe,fr,
Helmut Schmidt University,europe,de,
King Abdullah University of Science and Technology,asia,sa,
Warwick Hospital,europe,gb,
Islamic University of Madinah,asia,sa,
VeDeCoM Institute,europe,fr,
Nanchang University,asia,cn,
Utah State University,northamerica,us,
University of Nebraska–Lincoln,northamerica,us,
Nokia (France),europe,fr,
Paul Scherrer Institute,europe,ch,
International Atomic Energy Agency,europe,at,
Taras Shevchenko National University of Kyiv,europe,ua,
Nuclear Energy Agency,europe,fr,
Nuclear Research and Consultancy Group,europe,nl,
University of Bern,europe,ch,
GFZ Helmholtz Centre for Geosciences,europe,de,
Centre National d'Études Spatiales,europe,fr,
European Space Operations Centre,europe,de,
Goddard Space Flight Center,northamerica,us,
Federal Agency for Cartography and Geodesy,europe,de,
Natural Resources Canada,northamerica,ca,
Swissmedic,europe,ch,
Université Sorbonne Paris Nord,europe,fr,
King's College London,europe,gb,
Korea Advanced Institute of Science and Technology,asia,kr,
Southwest University,asia,cn,
Linköping University,europe,se,
University of Pisa,europe,it,
Zhejiang University of Technology,asia,cn,
Carleton University,northamerica,ca,
Central China Normal University,asia,cn,
Xiamen University,asia,cn,
Institut de Recherche en Informatique et Systèmes Aléatoires,europe,fr,
Centre Inria de l'Université de Rennes,europe,fr,
Universidade de Vigo,europe,es,
Nara Institute of Science and Technology,asia,jp,
Ritsumeikan University,asia,jp,
Kavli Energy NanoScience Institute,northamerica,us,
Laboratoire Lorrain de Recherche en Informatique et ses Applications,europe,fr,
University of Applied Sciences and Arts of Southern Switzerland,europe,ch,
Max Planck Institute for Informatics,europe,de,
Microsoft Research (United Kingdom),europe,gb,
Ericsson (Hungary),europe,hu,
University of Rome Tor Vergata,europe,it,
Kharazmi University,asia,ir,
University of Carthage,africa,tn,
MODUL University Vienna,europe,at,
Beihang University,asia,cn,
University of Padua,europe,it,
Villanova University,northamerica,us,
Temple University,northamerica,us,
Syracuse University,northamerica,us,
Guangdong University of Technology,asia,cn,
Aptiv (United States),northamerica,us,
Technion – Israel Institute of Technology,asia,il,
"California State University, Fresno",northamerica,us,
Daegu Gyeongbuk Institute of Science and Technology,asia,kr,
SES (Luxembourg),europe,lu,
China Academy of Information and Communications Technology,asia,cn,
University of Windsor,northamerica,ca,
University of Córdoba,europe,es,
Instituto Maimónides de Investigación Biomédica de Córdoba,europe,es,
Safran (France),europe,fr,
ParisTech,europe,fr,
Baidu (China),asia,cn,
University of Miami,northamerica,us,
Institute of Computing Technology,asia,cn,
Vellore Institute of Technology University,asia,in,
University of New Brunswick,northamerica,ca,
Charles Darwin University,australasia,au,
Capital University of Science and Technology,asia,pk,
Pusan National University,asia,kr,
University of Twente,europe,nl,
Technische Universität Braunschweig,europe,de,
Aalborg University,europe,dk,
University of Pretoria,africa,za,
Xi'an Institute of Optics and Precision Mechanics,asia,cn,
Trinity College Dublin,europe,ie,
University of Salento,europe,it,
Amrita Vishwa Vidyapeetham,asia,in,
Sanmar Group (India),asia,in,
Cognizant (India),asia,in,
European Space Agency,europe,fr,
CS Communication & Systèmes (France),europe,fr,
Airbus (France),europe,fr,
Leonardo (United States),northamerica,us,
Argans (United Kingdom),europe,gb,
Office National d'Études et de Recherches Aérospatiales,europe,fr,
RIKEN Nishina Center,asia,jp,
Lomonosov Moscow State University,europe,ru,
Sharif University of Technology,asia,ir,
Universität Ulm,europe,de,
Robert Bosch (Germany),europe,de,
North China University of Water Resources and Electric Power,asia,cn,
University of Macau,asia,mo,
"Chinese University of Hong Kong, Shenzhen",asia,cn,
The University of Texas at Dallas,northamerica,us,
University of Memphis,northamerica,us,
Zonguldak Bülent Ecevit University,asia,tr,
"University at Buffalo, State University of New York",northamerica,us,
Sun Yat-sen University,asia,cn,
Istanbul Technical University,asia,tr,
Skolkovo Institute of Science and Technology,europe,ru,
University of Delaware,northamerica,us,
Universitat Pompeu Fabra,europe,es,
Woodrow Wilson International Center for Scholars,northamerica,us,
Nanjing University of Information Science and Technology,asia,cn,
École Polytechnique,europe,fr,
University of Gothenburg,europe,se,
Centre d'Investigacions sobre Desertificació,europe,es,
University of Notre Dame,northamerica,us,
University of Turku,europe,fi,
Tampere University,europe,fi,
Zhoukou Normal University,asia,cn,
Universidad Nacional Autónoma de México,northamerica,mx,
Oklahoma State University,northamerica,us,
The University of Texas at San Antonio,northamerica,us,
European Space Research and Technology Centre,europe,nl,
University of Calabria,europe,it,
Institute for High Performance Computing and Networking,europe,it,
HEC Montréal,northamerica,ca,
Toronto Metropolitan University,northamerica,ca,
General Dynamics (United States),northamerica,us,
Northumbria University,europe,gb,
University of Bonn,europe,de,
Wright State University,northamerica,us,
Université Gustave Eiffel,europe,fr,
Ben-Gurion University of the Negev,asia,il,
"Institute of Electronics, Computer and Telecommunication Engineering",europe,it,
University of Houston,northamerica,us,
Laboratoire d'Informatique de Paris-Nord,europe,fr,
Rolls-Royce (United Kingdom),europe,gb,
University of Isfahan,asia,ir,
Malek Ashtar University of Technology,asia,ir,
Wuhan Branch of the National Science Library,asia,cn,
Jiangsu Center for Collaborative Innovation in Geographical Information Resource Development and Application,asia,cn,
Freie Universität Berlin,europe,de,
University of South Florida,northamerica,us,
Cascade Technologies (United States),northamerica,us,
Gebze Technical University,asia,tr,
Ames Research Center,northamerica,us,
University of New Mexico,northamerica,us,
Zhejiang Lab,asia,cn,
Air Force Engineering University,asia,cn,
University of Mississippi,northamerica,us,
Robert Morris University,northamerica,us,
Al Ain Hospital,asia,ae,
Soochow University,asia,cn,
China Academy of Space Technology,asia,cn,
Hubei University of Technology,asia,cn,
Singapore Institute of Technology,asia,sg,
Center for Astrophysics Harvard & Smithsonian,northamerica,us,
"China University of Petroleum, East China",asia,cn,
China Railway Construction Corporation (China),asia,cn,
Fuzhou University,asia,cn,
China State Shipbuilding (China),asia,cn,
Fondazione Bruno Kessler,europe,it,
University of West London,europe,gb,
Mitre (United States),northamerica,us,
King Abdulaziz University,asia,sa,
University of Laghouat,africa,dz,
Japan Atomic Energy Agency,asia,jp,
Tokyo Institute of Technology,asia,jp,
Hokkaido University,asia,jp,
National Institutes for Quantum Science and Technology,asia,jp,
FBK CREATE-NET Research Center,europe,it,
Orange (Poland),europe,pl,
University of York,europe,gb,
Thales (Australia),australasia,au,
"Fraunhofer Institute for Telecommunications, Heinrich Hertz Institute",europe,de,
Hella (Germany),europe,de,
University of Alicante,europe,es,
Agriculture and Agri-Food Canada,northamerica,ca,
University of Cincinnati,northamerica,us,
Ibb University,asia,ye,
University of Cincinnati Medical Center,northamerica,us,
Taif University,asia,sa,
Binghamton University,northamerica,us,
East Carolina University,northamerica,us,
Belgian Nuclear Research Centre,europe,be,
University of Huddersfield,europe,gb,
National Changhua University of Education,asia,tw,
National Yang Ming Chiao Tung University,asia,tw,
Concordia University,northamerica,ca,
Sri Sivasubramaniya Nadar College of Engineering,asia,in,
Amherst College,northamerica,us,
Wageningen University & Research,europe,nl,
PLA Army Engineering University,asia,cn,
University of Kent,europe,gb,
High Energy Accelerator Research Organization,asia,jp,
Shiraz University,asia,ir,
Canadian Forest Service,northamerica,ca,
Commissariat à l'Énergie Atomique et aux Énergies Alternatives,europe,fr,
Chungbuk National University,asia,kr,
Qatar University,asia,qa,
Beijing Satellite Navigation Center,asia,cn,
PLA Information Engineering University,asia,cn,
Materials and Energy Research Center,asia,ir,
Macquarie University,australasia,au,
Babol Noshirvani University of Technology,asia,ir,
Memorial University of Newfoundland,northamerica,ca,
Mitsubishi Electric (United States),northamerica,us,
Lebanese American University,asia,lb,
École de Technologie Supérieure,northamerica,ca,
Texas A&M University at Qatar,asia,qa,
Chung-Ang University,asia,kr,
Kongju National University,asia,kr,
University of Kansas,northamerica,us,
Burke Foundation,northamerica,us,
Universidad de Navarra,europe,es,
Universidad Complutense de Madrid,europe,es,
Spectral Energies (United States),northamerica,us,
Innovative Scientific Solutions (United States),northamerica,us,
Ericsson (Finland),europe,fi,
University of Reggio Calabria,europe,it,
Inspire Institute,northamerica,us,
University of Washington,northamerica,us,
SRI International,northamerica,us,
Chinese University of Hong Kong,asia,hk,
University College Cork,europe,ie,
Politecnico di Torino,europe,it,
University of Florence,europe,it,
Institute for the Chemistry of OrganoMetallic Compounds,europe,it,
Institute of Geodesy and Geophysics,asia,cn,
Airbus (Germany),europe,de,
Food and Agriculture Organization of the United Nations,europe,it,
Google (Switzerland),europe,ch,
Université du Québec à Chicoutimi,northamerica,ca,
Université du Québec à Rimouski,northamerica,ca,
Swedish University of Agricultural Sciences,europe,se,
Xiangtan University,asia,cn,
Yonsei University,asia,kr,
Harbin Engineering University,asia,cn,
Nazarbayev University,asia,kz,
Stevens Institute of Technology,northamerica,us,
Feng Chia University,asia,tw,
National Sun Yat-sen University,asia,tw,
University of Alberta,northamerica,ca,
Nortel (Canada),northamerica,ca,
Centre For Cold Ocean Resources Engineering,northamerica,ca,
University of Surrey,europe,gb,
Southern Illinois University Carbondale,northamerica,us,
Naver (South Korea),asia,kr,
Electronics and Telecommunications Research Institute,asia,kr,
Islamia University of Bahawalpur,asia,pk,
National Chung Cheng University,asia,tw,
Bar-Ilan University,asia,il,
Marconi University,europe,it,
University of Parma,europe,it,
North Carolina Agricultural and Technical State University,northamerica,us,
Northern Arizona University,northamerica,us,
Universidad Politécnica de Madrid,europe,es,
Texas Tech University,northamerica,us,
University of Florida,northamerica,us,
Universidad de Alcalá,europe,es,
National Central University,asia,tw,
University of Essex,europe,gb,
Guangxi Minzu University,asia,cn,
Dalian Jiaotong University,asia,cn,
Hebei University of Engineering,asia,cn,
China Academy of Transportation Sciences,asia,cn,
"Birla Institute of Technology and Science, Pilani",asia,in,
Institut de physique du globe de Paris,europe,fr,
London Metropolitan University,europe,gb,
Université du Québec à Montréal,northamerica,ca,
Tecnológico de Monterrey,northamerica,mx,
Edinburgh Napier University,europe,gb,
Jouf University,asia,sa,
University of Bradford,europe,gb,
Universidad Pública de Navarra (UPNA),europe,es,
University of South Carolina,northamerica,us,
National Institute of Standards and Technology,northamerica,us,
CECOS University,asia,pk,
Hashemite University,asia,jo,
University of Engineering and Technology Peshawar,asia,pk,
TOBB University of Economics and Technology,asia,tr,
NSF National Center for Atmospheric Research,northamerica,us,
Thapar Institute of Engineering & Technology,asia,in,
Halmstad University,europe,se,
Fujian Normal University,asia,cn,
Universiti Teknologi Petronas,asia,my,
Indian Institute of Technology Ropar,asia,in,
Necmettin Erbakan University,asia,tr,
Özyeğin University,asia,tr,
Universiti Malaysia Pahang Al-Sultan Abdullah,asia,my,
Scuola Superiore Sant'Anna,europe,it,
German Research Centre for Artificial Intelligence,europe,de,
University of Kaiserslautern,europe,de,
Langley Research Center,northamerica,us,
Centre Régional d’Innovation et de Transferts Technologiques des Industries du Bois,europe,fr,
Rolls-Royce (Germany),europe,de,
Brandenburg University of Technology Cottbus-Senftenberg,europe,de,
Technische Universität Berlin,europe,de,
Gesellschaft für Klinische Forschung,europe,de,
Istituto per il Rilevamento Elettromagnetico dell'Ambiente,europe,it,
National and Kapodistrian University of Athens,europe,gr,
University of West Attica,europe,gr,
University of the Aegean,europe,gr,
University of Piraeus,europe,gr,
LNM Institute of Information Technology,asia,in,
Sri Lanka Institute of Information Technology,asia,lk,
National Ilan University,asia,tw,
National Institute of Technology Tiruchirappalli,asia,in,
Signal Processing (United States),northamerica,us,
Remote Sensing Solutions (Germany),europe,de,
University of Milano-Bicocca,europe,it,
"Istituto Nazionale di Fisica Nucleare, Galileo Galilei Institute for Theoretical Physics",europe,it,
Agenzia Spaziale Italiana,europe,it,
National Research Council,europe,it,
Universitat Politècnica de València,europe,es,
Indian Institute of Technology Jodhpur,asia,in,
China Aerodynamics Research and Development Center,asia,cn,
Joanneum Research,europe,at,
Universidade de São Paulo,southamerica,br,
University of Manitoba,northamerica,ca,
Indian Institute of Technology Delhi,asia,in,
Society For Development Alternatives,asia,in,
"University of California, Merced",northamerica,us,
University of Nebraska at Omaha,northamerica,us,
University of Chinese Academy of Sciences,asia,cn,
Instituto de Ciencias de La Construcción Eduardo Torroja,europe,es,
Hunan University,asia,cn,
Central Building Research Institute,asia,in,
Iowa State University,northamerica,us,
Linnaeus University,europe,se,
Helmholtz Centre for Environmental Research,europe,de,
Chinese Society for Electrical Engineering,asia,cn,
Hochschule für Technik und Wirtschaft Dresden – University of Applied Sciences,europe,de,
Tokyo City University,asia,jp,
Trường ĐH Nguyễn Tất Thành,asia,vn,
State Key Laboratory of Modern Optical Instruments,asia,cn,
Wuhan Textile University,asia,cn,
China Textile Academy,asia,cn,
Shenzhen Research Institute of Big Data,asia,cn,
Universidade Federal do Rio de Janeiro,southamerica,br,
Equifax (United States),world,,
Michigan State University,northamerica,us,
Ministry of Natural Resources,asia,cn,
China National Bamboo Research Center,asia,cn,
Aarhus University,europe,dk,
Flemish Institute for Technological Research,europe,be,
Western Sydney University,australasia,au,
Victoria University,australasia,au,
Oklahoma State University Oklahoma City,northamerica,us,
Southwest Jiaotong University,asia,cn,
Institute of Science and Technology,world,,
Prince Sattam Bin Abdulaziz University,asia,sa,
Universiti Putra Malaysia,asia,my,
DEVCOM Army Research Laboratory,northamerica,us,
State University of New York,northamerica,us,
Hiroshima University,asia,jp,
Tongji University,asia,cn,
Universidad de Oviedo,europe,es,
Ikerbasque,europe,es,
CIC nanoGUNE,europe,es,
ARC Centre of Excellence in Future Low-Energy Electronics Technologies,australasia,au,
Sika (Switzerland),europe,ch,
Sharda University,asia,in,
University of Kassel,europe,de,
Brookhaven National Laboratory,northamerica,us,
Tsinghua–Berkeley Shenzhen Institute,asia,cn,
Earthquake Engineering Research Institute,northamerica,us,
University of Central Florida,northamerica,us,
Western University,northamerica,ca,
Clarkson University,northamerica,us,
Structural Engineering Research Centre,asia,in,
Malaviya National Institute of Technology Jaipur,asia,in,
"Universidad Central ""Marta Abreu"" de las Villas (UCLV)",northamerica,cu,
ORCID,northamerica,us,
Iran University of Science and Technology,asia,ir,
East Bay Educational Collaborative,northamerica,us,
University of Calgary,northamerica,ca,
Wuhan University of Technology,asia,cn,
School of Pedagogical and Technological Education,europe,gr,
National Institute of Technology Patna,asia,in,
"Changchun Institute of Optics, Fine Mechanics and Physics",asia,cn,
Hangzhou Dianzi University,asia,cn,
Housing and Building National Research Center,africa,eg,
Jinan University,asia,cn,
Qinghai University,asia,cn,
Qassim University,asia,sa,
National University of Malaysia,asia,my,
Chittagong University of Engineering & Technology,asia,bd,
Central Queensland University,australasia,au,
Suranaree University of Technology,asia,th,
Thuyloi University,asia,vn,
University Of Transport Technology,asia,vn,
Luleå University of Technology,europe,se,
Duy Tan University,asia,vn,
China Design Group (China),asia,cn,
Riga Technical University,europe,lv,
Lodz University of Technology,europe,pl,
Sumitomo Osaka Cement (Japan),asia,jp,
China Building Materials Academy,asia,cn,
Liverpool John Moores University,europe,gb,
Middle East Technical University,asia,tr,
University of Strathclyde,europe,gb,
American University of Sharjah,asia,ae,
Norwegian Institute of Bioeconomy Research,europe,no,
Beltsville Agricultural Research Center,northamerica,us,
University of Pannonia,europe,hu,
University of Reading,europe,gb,
New York University Abu Dhabi,asia,ae,
Guangzhou University,asia,cn,
National Institute for Environmental Studies,asia,jp,
Alexandria University,africa,eg,
University of Agder,europe,no,
University of Genoa,europe,it,
University of Naples Federico II,europe,it,
University of Ferrara,europe,it,
Mody University of Science and Technology,asia,in,
Universiti Malaysia Perlis,asia,my,
Rajamangala University of Technology Isan,asia,th,
Mie University,asia,jp,
Khon Kaen University,asia,th,
Universiti Teknologi MARA,asia,my,
Bharat Electronics (India),asia,in,
Hunan University of Technology,asia,cn,
Walker (United States),northamerica,us,
China Earthquake Administration,asia,cn,
IIT@MIT,northamerica,us,
Yahoo (United States),northamerica,us,
Kettering University,northamerica,us,
University of Massachusetts Lowell,northamerica,us,
Westlake University,asia,cn,
German Cement Works Association,europe,de,
UTM Construction Research Centre,asia,my,
Nanjing Hydraulic Research Institute,asia,cn,
Yıldız Technical University,asia,tr,
Tekirdağ Namık Kemal University,asia,tr,
Boğaziçi University,asia,tr,
Phranakhon Rajabhat University,asia,th,
University of Tripoli,africa,ly,
Texas State University,northamerica,us,
University of the West of England,europe,gb,
Universiti Sains Malaysia,asia,my,
Marche Polytechnic University,europe,it,
University of Bristol,europe,gb,
University of Antwerp,europe,be,
Polytec (Germany),europe,de,
University of America,northamerica,us,
National Institute of Technical Teachers Training and Research,asia,in,
Université Toulouse III - Paul Sabatier,europe,fr,
École Centrale de Nantes,europe,fr,
Dahua Technology (China),asia,cn,
Xiamen University of Technology,asia,cn,
Florida Department of Transportation,northamerica,us,
China State Construction Engineering (China),asia,cn,
Renmin University of China,asia,cn,
Harbin Electric Corporation (China),asia,cn,
Mitchell Institute,northamerica,us,
Colorado State University,northamerica,us,
National Institute of Ocean Technology,asia,in,
University of Iceland,europe,is,
Max Planck Institute for Chemical Energy Conversion,europe,de,
Max-Planck-Institut für Kohlenforschung,europe,de,
University of Engineering and Technology Lahore,asia,pk,
Stanford Medicine,northamerica,us,
University of Peradeniya,asia,lk,
University of Ruhuna,asia,lk,
Northeast Electric Power University,asia,cn,
University of Freiburg,europe,de,
Qingdao University of Technology,asia,cn,
China Construction Eighth Engineering Division (China),asia,cn,
Christian-Albrechts-Universität zu Kiel,europe,de,
King Saud University,asia,sa,
University of Thessaly,europe,gr,
University of Patras,europe,gr,
European Commission,europe,be,
Leipzig University,europe,de,
Institució Catalana de Recerca i Estudis Avançats,europe,es,
Public Authority for Applied Education and Training,asia,kw,
Islamic University of Gaza,asia,ps,
University of Science and Technology,asia,ye,
Universidad Michoacana de San Nicolás de Hidalgo,northamerica,mx,
Chang'an University,asia,cn,
"Islamic Azad University, Science and Research Branch",asia,ir,
University of Messina,europe,it,
Silesian University of Technology,europe,pl,
University of Mazandaran,asia,ir,
Maulana Azad National Institute of Technology,asia,in,
University of Minho,europe,pt,
Technik und Forschung im Betonbau (Switzerland),europe,ch,
LafargeHolcim (France),europe,fr,
International Center for Numerical Methods in Engineering,europe,es,
Universidad de Extremadura,europe,es,
University of Belgrade,europe,rs,
Universität der Bundeswehr München,europe,de,
Democritus University of Thrace,europe,gr,
HeidelbergCement (Germany),europe,de,
Institut National des Sciences Appliquées de Rennes,europe,fr,
Lorestan University,asia,ir,
University of Indonesia,asia,id,
Ajou University,asia,kr,
All Russia Research Institute of Automatics,europe,ru,
"The Graduate Center, CUNY",northamerica,us,
GA Drilling (Slovakia),europe,sk,
Systemic Risk Centre,europe,gb,
École des Mines de Douai,europe,fr,
Roma Tre University,europe,it,
Chongqing Jiaotong University,asia,cn,
Henan Polytechnic University,asia,cn,
Nanjing Forestry University,asia,cn,
Kansas State University,northamerica,us,
"Behavioral Tech Research, Inc.",northamerica,us,
National Postdoctoral Association,northamerica,us,
Vanderbilt University,northamerica,us,
Robert Gordon University,europe,gb,
Universidade Federal da Bahia,southamerica,br,
State University of Norte Fluminense,southamerica,br,
Universidade Federal de Pernambuco,southamerica,br,
Universidade Estadual Paulista (Unesp),southamerica,br,
University of Kirkuk,asia,iq,
Sookmyung Women's University,asia,kr,
University of Sciences and Technology Houari Boumediene,africa,dz,
North Carolina School of Science and Mathematics,northamerica,us,
Copperbelt University,africa,zm,
Maharaja Engineering College,asia,in,
"City University of Hong Kong, Shenzhen Research Institute",asia,cn,
Universidad Autónoma de Madrid,europe,es,
Donostia International Physics Center,europe,es,
Ministry of Education,australasia,nz,
Kotka Maritime Research Centre,europe,fi,
Sulaimani Polytechnic University,asia,iq,
Pabna University of Science and Technology,asia,bd,
Rajshahi University of Engineering and Technology,asia,bd,
Hanze University of Applied Sciences,europe,nl,
"The Federal Polytechnic, Ado-Ekiti",africa,ng,
Universidade do Estado de Minas Gerais,southamerica,br,
University of Anbar,asia,iq,
University of Diyala,asia,iq,
KIIT University,asia,in,
Veer Surendra Sai University of Technology,asia,in,
Catholic University of the Maule,southamerica,cl,
University of Cape Town,africa,za,
Shanghai Optical Instrument Research Institute,asia,cn,
Aalborg Portland (Denmark),europe,dk,
University of Zagreb,europe,hr,
Deakin University,australasia,au,
Technische Universität Dresden,europe,de,
Korea Institute of Civil Engineering and Building Technology,asia,kr,
Michigan Technological University,northamerica,us,
Mansoura University,africa,eg,
Laney College,northamerica,us,
BC Hydro (Canada),northamerica,ca,
Griffith University,australasia,au,
Bilkent University,asia,tr,
Izmir Institute of Technology,asia,tr,
Najran University,asia,sa,
Shandong University of Science and Technology,asia,cn,
State Key Laboratory of Mineral Processing,world,,
Chandigarh University,asia,in,
Chengdu Surveying Geotechnical Research Institute,asia,cn,
TEPCO (Japan),asia,jp,
Pamukkale University,asia,tr,
COMSATS University Islamabad,asia,pk,
Beijing Institute of Petrochemical Technology,asia,cn,
University of Brighton,europe,gb,
Ministry of Education of the People's Republic of China,asia,cn,
Suffolk University,northamerica,us,
University of Victoria,northamerica,ca,
U.S. Army Engineer Research and Development Center,northamerica,us,
University of Akron,northamerica,us,
Institute of Chemical Technology,asia,in,
Sungkyunkwan University,asia,kr,
Korea Research Institute of Chemical Technology,asia,kr,
Université Laval,northamerica,ca,
MRC Laboratory of Molecular Biology,europe,gb,
European Molecular Biology Laboratory,europe,de,
Ulsan National Institute of Science and Technology,asia,kr,
SK Group (United States),northamerica,us,
Interface (United States),northamerica,us,
Panasonic (Japan),asia,jp,
Hôpital de Sion,europe,ch,
Justus-Liebig-Universität Gießen,europe,de,
Huawei Technologies (China),asia,cn,
Università degli studi di Cassino e del Lazio Meridionale,europe,it,
Toyota Motor Corporation (Japan),asia,jp,
Toyota Motor Corporation (Switzerland),europe,ch,
Samsung (South Korea),asia,kr,
Koç University,asia,tr,
Idaho National Laboratory,northamerica,us,
Huaqiao University,asia,cn,
Korea Institute of Energy Research,asia,kr,
Toin University of Yokohama,asia,jp,
National Center for Nanoscience and Technology,asia,cn,
Helmholtz-Zentrum Berlin für Materialien und Energie,europe,de,
ZTE (United States),northamerica,us,
China Mobile (China),asia,cn,
Stony Brook University,northamerica,us,
Gwangju Institute of Science and Technology,asia,kr,
Ballard Power Systems (Canada),northamerica,ca,
Mercedes-Benz (Germany),europe,de,
Hongzhiwei Technology (China),asia,cn,
Cavendish Hospital,europe,gb,
Nokia (United States),northamerica,us,
Seoul National University,asia,kr,
Kaneka (Japan),asia,jp,
Friedrich Schiller University Jena,europe,de,
Aristotle University of Thessaloniki,europe,gr,
University of Chicago,northamerica,us,
BMW (Germany),europe,de,
BMW of North America (United States),northamerica,us,
Nankai University,asia,cn,
ITRI International,northamerica,us,
National Taiwan Normal University,asia,tw,
National Taiwan University of Science and Technology,asia,tw,
Okinawa Institute of Science and Technology Graduate University,asia,jp,
Lancaster University,europe,gb,
NIHR Imperial Biomedical Research Centre,europe,gb,
Shri Mata Vaishno Devi University,asia,in,
Narsee Monjee Institute of Management Studies,asia,in,
Kwansei Gakuin University,asia,jp,
JNC (Japan),asia,jp,
Hewlett-Packard (United States),northamerica,us,
University of Southern California,northamerica,us,
Victoria University of Wellington,australasia,nz,
Huawei Technologies (Canada),northamerica,ca,
NTT (Japan),asia,jp,
Ewha Womans University,asia,kr,
Institute for Atomic and Molecular Physics,europe,nl,
Energy Research Centre of the Netherlands,europe,nl,
Jianghan University,asia,cn,
Italian Institute of Technology,europe,it,
Hasselt University,europe,be,
Institute of Molecular Science and Technologies,europe,it,
IBM Research - Zurich,europe,ch,
Max Planck Institute for Solid State Research,europe,de,
Xuzhou University of Technology,asia,cn,
Einstein Center Digital Future,europe,de,
SIB Swiss Institute of Bioinformatics,europe,ch,
IBM (United States),northamerica,us,
Institute of Microelectronics,asia,cn,
Nokia (Finland),europe,fi,
ShanghaiTech University,asia,cn,
National Cheng Kung University,asia,tw,
University of St Andrews,europe,gb,
Solaronix (Switzerland),europe,ch,
Kaunas University of Technology,europe,lt,
University of Potsdam,europe,de,
Physikalisch-Technische Bundesanstalt,europe,de,
University of Ljubljana,europe,si,
HTW Berlin - University of Applied Sciences,europe,de,
Berliner Hochschule für Technik,europe,de,
BASF (Germany),europe,de,
University of Verona,europe,it,
Chonnam National University,asia,kr,
Ghent University Hospital,europe,be,
The University of Osaka,asia,jp,
University of North Carolina at Chapel Hill,northamerica,us,
Advanced Research Projects Agency - Energy,northamerica,us,
The NorthCap University,asia,in,
University of Groningen,europe,nl,
University of Rochester,northamerica,us,
Universidad Andrés Bello,southamerica,cl,
University of Talca,southamerica,cl,
Orange (France),europe,fr,
CentraleSupélec,europe,fr,
Nokia (Belgium),europe,be,
Institut Langevin,europe,fr,
Université de Bretagne Occidentale,europe,fr,
Greenerwave (France),europe,fr,
Oxfam,europe,gb,
London Centre for Nanotechnology,europe,gb,
Sandia National Laboratories California,northamerica,us,
Universidade Federal de São Carlos,southamerica,br,
Delaware State University,northamerica,us,
Stockholm Environment Institute,europe,se,
Inotek Pharmaceuticals (United States),northamerica,us,
Fritz Haber Institute of the Max Planck Society,europe,de,
Dyson (United Kingdom),europe,gb,
Center for NanoScience,europe,de,
Chulalongkorn University,asia,th,
Korea Photonics Technology Institute,asia,kr,
Sikkim Manipal University,asia,in,
GE Global Research (United States),northamerica,us,
University of L'Aquila,europe,it,
Samsung (Japan),asia,jp,
IBM Research - Almaden,northamerica,us,
IBM Research - Tokyo,asia,jp,
IBM Research - Austin,northamerica,us,
GLS Industries (Canada),northamerica,ca,
Yokohama National University,asia,jp,
Yamaguchi University,asia,jp,
Battelle,northamerica,us,
University of the Basque Country,europe,es,
Universitat Jaume I,europe,es,
A123 Systems (United States),northamerica,us,
Institute of Solid State Physics and Semiconductors,europe,by,
Oxford Photovoltaics (United Kingdom),europe,gb,
Shell (United Kingdom),europe,gb,
University of Jeddah,asia,sa,
Centre de Recherche en Automatique de Nancy,europe,fr,
Ministere de l'Education Nationale,europe,fr,
MediaTek (Taiwan),asia,tw,
Shanxi University,asia,cn,
Kyungpook National University,asia,kr,
Advanced Energy (United States),northamerica,us,
National Institute of Technology Hamirpur,asia,in,
CIC energiGUNE,europe,es,
Fraunhofer Institute for Solar Energy Systems,europe,de,
University Town of Shenzhen,asia,cn,
Tamkang University,asia,tw,
Hefei University of Technology,asia,cn,
Zentrum für Sonnenenergie- und Wasserstoff-Forschung Baden-Württemberg,europe,de,
University of Bayreuth,europe,de,
University of Basel,europe,ch,
Universitat Oberta de Catalunya,europe,es,
Worldsensing (Spain),europe,es,
nLIGHT (United States),northamerica,us,
Cisco Systems (France),europe,fr,
University of Mataram,asia,id,
University of Namur,europe,be,
Institute of Semiconductors,asia,cn,
San Diego State University,northamerica,us,
Yamagata University,asia,jp,
Yamagata Research Institute Of Technology,asia,jp,
Mitsubishi Motors (Japan),asia,jp,
University of Louisiana at Lafayette,northamerica,us,
Swiss Center for Electronics and Microtechnology (Switzerland),europe,ch,
Kuwait University,asia,kw,
Nanfang Hospital,asia,cn,
Huaian First People’s Hospital,asia,cn,
Chinese Academy of Medical Sciences & Peking Union Medical College,asia,cn,
Shanghai East Hospital,asia,cn,
Xuzhou Medical College,asia,cn,
First Affiliated Hospital of Zhengzhou University,asia,cn,
Ludwig-Maximilians-Universität München,europe,de,
Institut de Ciència de Materials de Barcelona,europe,es,
iPronics Programmable Photonics (Spain),europe,es,
Tokyo University of Science,asia,jp,
EnZinc (United States),northamerica,us,
Korea Energy Economics Institute,asia,kr,
University of Ulsan,asia,kr,
ZHAW Zurich University of Applied Sciences,europe,ch,
University of Saskatchewan,northamerica,ca,
Fraunhofer Institute for Production Technology IPT,europe,de,
Rockley Photonics (United States),northamerica,us,
National Research Council Canada,northamerica,ca,
STMicroelectronics (France),europe,fr,
Marmara University,asia,tr,
Idemitsu Kosan (Japan),asia,jp,
Huawei Technologies (Sweden),europe,se,
Jishou University,asia,cn,
Joseph Sarwuan Tarka University Makurdi,africa,ng,
Council for Scientific and Industrial Research,africa,za,
Hewlett Packard Enterprise (United States),northamerica,us,
Applied Physical Sciences (United States),northamerica,us,
University of Mumbai,asia,in,
Flanders Make (Belgium),europe,be,
University of Duisburg-Essen,europe,de,
University of Hull,europe,gb,
OpenAI (United States),northamerica,us,
State Key Laboratory of Industrial Control Technology,asia,cn,
Zhejiang University of Water Resource and Electric Power,asia,cn,
Reichman University,asia,il,
İzmir University of Economics,asia,tr,
University of Modena and Reggio Emilia,europe,it,
Universidad de Santiago de Chile,southamerica,cl,
Hydro-Québec,northamerica,ca,
Tufts University,northamerica,us,
Kyushu Institute of Technology,asia,jp,
Yangzhou University,asia,cn,
Intelligent Transport Systems Niedersachsen,europe,de,
Udayana University,asia,id,
Amazon (United States),northamerica,us,
EURECOM,europe,fr,
Max Planck Institute for Intelligent Systems,europe,de,
Aditya Birla (India),asia,in,
Chandra Shekhar Azad University of Agriculture and Technology,asia,in,
Eaton (United States),northamerica,us,
ABB (Sweden),europe,se,
Yanshan University,asia,cn,
University of Rhode Island,northamerica,us,
Liaoning University of Technology,asia,cn,
Tun Hussein Onn University of Malaysia,asia,my,
Shaanxi Normal University,asia,cn,
University of California System,northamerica,us,
Universidade Federal de Uberlândia,southamerica,br,
Guangzhou Experimental Station,asia,cn,
Lipscomb University,northamerica,us,
University of Béjaïa,africa,dz,
Université Grenoble Alpes,europe,fr,
International University of Beirut,asia,lb,
IBM Research - Thomas J. Watson Research Center,northamerica,us,
Giresun University,asia,tr,
Microsoft (United States),northamerica,us,
University of Chile,southamerica,cl,
South Dakota State University,northamerica,us,
University of Alaska Fairbanks,northamerica,us,
University of St. Thomas - Minnesota,northamerica,us,
Danfoss (Denmark),europe,dk,
Symbiosis International University,asia,in,
Savitribai Phule Pune University,asia,in,
NARI Group (China),asia,cn,
University of the Andes,southamerica,ve,
Politecnica Salesiana University,southamerica,ec,
Chongqing Technology and Business University,asia,cn,
Université de Pau et des Pays de l'Adour,europe,fr,
University of Algarve,europe,pt,
Universidad Pontificia Bolivariana,southamerica,co,
BC Innovation Council,northamerica,ca,
Bingöl University,asia,tr,
Fırat University,asia,tr,
Chongqing University of Posts and Telecommunications,asia,cn,
Buffalo State University,northamerica,us,
SINTEF,europe,no,
Kantonsspital St. Gallen,europe,ch,
Université de Lyon,europe,fr,
University of Jinan,asia,cn,
Shandong Jiaotong University,asia,cn,
Shibaura Institute of Technology,asia,jp,
University of Applied Science and Technology,asia,ir,
University of Tasmania,australasia,au,
Universidad de Málaga,europe,es,
Institute of Automation,europe,de,
Niğde Ömer Halisdemir Üniversitesi,asia,tr,
Tecnalia,europe,es,
State Grid Corporation of China (China),asia,cn,
Université de Strasbourg,europe,fr,
Indian Institute of Technology Guwahati,asia,in,
Jiangsu Ocean University,asia,cn,
University of Kurdistan,asia,ir,
Universidad Politécnica de Cartagena,europe,es,
University of Castilla-La Mancha,europe,es,
Henan University of Technology,asia,cn,
Shahid Beheshti University,asia,ir,
PSA Peugeot Citroën (France),europe,fr,
Henan University,asia,cn,
Iwate Prefectural University,asia,jp,
Shandong Institute of Automation,asia,cn,
Macau University of Science and Technology,asia,mo,
Shenyang Aerospace University,asia,cn,
Fraunhofer Institute for Production Systems and Design Technology,europe,de,
Changwon National University,asia,kr,
Xi'an University of Science and Technology,asia,cn,
Bohai University,asia,cn,
Georgia State University,northamerica,us,
University of London,europe,gb,
Keio University,asia,jp,
California State University System,northamerica,us,
Cyprus University of Technology,asia,cy,
University of Hradec Králové,europe,cz,
University of Shanghai for Science and Technology,asia,cn,
Alstom (France),europe,fr,
Nederlandse Spoorwegen,europe,nl,
Instituto Tecnológico y de Estudios Superiores de Occidente,northamerica,mx,
Universidad Nacional de Colombia,southamerica,co,
Centro de Investigación y de Estudios Avanzados del Instituto Politécnico Nacional,northamerica,mx,
IFP Énergies nouvelles,europe,fr,
Research Institute of Industrial Science and Technology,asia,kr,
Indian Institute of Technology Kharagpur,asia,in,
China Three Gorges University,asia,cn,
Polytechnic University of Bari,europe,it,
Abdullah Gül University,asia,tr,
Shanghai Power Equipment Research Institute,asia,cn,
Laboratoire Jean Kuntzmann,europe,fr,
Technische Universität Ilmenau,europe,de,
Oregon Institute of Technology,northamerica,us,
Bangladesh University of Engineering and Technology,asia,bd,
Khulna University of Engineering and Technology,asia,bd,
National Institute Of Technology Silchar,asia,in,
Lakehead University,northamerica,ca,
State Key Laboratory of Chemical Engineering,asia,cn,
Incheon National University,asia,kr,
Shandong Normal University,asia,cn,
Jomo Kenyatta University of Agriculture and Technology,africa,ke,
University of Nairobi,africa,ke,
Tebian Electric Apparatus (China),asia,cn,
Hunan Normal University,asia,cn,
Edison International (United States),northamerica,us,
Rensselaer Polytechnic Institute,northamerica,us,
Southern Methodist University,northamerica,us,
Varentec (United States),northamerica,us,
Life Cycle Engineering (United States),northamerica,us,
Arab Open University,asia,lb,
American University of Beirut,asia,lb,
AGH University of Krakow,europe,pl,
China Agricultural University,asia,cn,
Nottingham Trent University,europe,gb,
Université Paris Sciences et Lettres,europe,fr,
Guangdong University of Foreign Studies,asia,cn,
Baylor University,northamerica,us,
Ningbo University of Technology,asia,cn,
Wichita State University,northamerica,us,
Stanley Black & Decker (United States),northamerica,us,
Coventry University,europe,gb,
National Highway Traffic Safety Administration,northamerica,us,
Électricité de France (France),europe,fr,
Enercon (Germany),europe,de,
EirGrid (Ireland),europe,ie,
University of North Dakota,northamerica,us,
Institut National des Postes et Télécommunications,africa,ma,
Australian Nuclear Science and Technology Organisation,australasia,au,
Hydro One (Canada),northamerica,ca,
Dominion (United States),northamerica,us,
Stantec (Canada),northamerica,ca,
Université Libre de Bruxelles,europe,be,
TH Köln - University of Applied Sciences,europe,de,
Max Planck Institute for Dynamics of Complex Technical Systems,europe,de,
Siemens (Germany),europe,de,
Islamic Azad University of Damavand,asia,ir,
University of Bremen,europe,de,
Centre de Développement des Technologies Avancées,africa,dz,
Dalian Maritime University,asia,cn,
Shinshu University,asia,jp,
Aix-Marseille Université,europe,fr,
Broad Institute,northamerica,us,
Integra (United States),northamerica,us,
National Institutes of Health,northamerica,us,
Brigham and Women's Hospital,northamerica,us,
Torrens University Australia,australasia,au,
National Cancer Centre Singapore,asia,sg,
Zhejiang Normal University,asia,cn,
"Institute of Agrophysics, Polish Academy of Sciences",europe,pl,
Forest Institute,northamerica,us,
State Key Laboratory of Clean Energy Utilization,world,,
Institute of Catalysis and Petrochemistry,europe,ru,
Inserm,europe,fr,
St. Michael's Hospital,northamerica,ca,
University Health Network,northamerica,ca,
NewYork–Presbyterian Hospital,northamerica,us,
Molecular Sciences Software Institute,northamerica,us,
Gdańsk University of Technology,europe,pl,
Gyeongsang National University,asia,kr,
PolyK Technologies (United States),northamerica,us,
Dow Chemical (United States),northamerica,us,
Umeå University,europe,se,
Jiangxi Science and Technology Normal University,asia,cn,
University of Johannesburg,africa,za,
ITMO University,europe,ru,
Max Planck Institute of Colloids and Interfaces,europe,de,
East China Normal University,asia,cn,
University of Hong Kong - Shenzhen Hospital,asia,cn,
Dartmouth College,northamerica,us,
Drexel University,northamerica,us,
"University of Illinois Chicago, Rockford campus",northamerica,us,
Tokyo University of Technology,asia,jp,
Mines Saint-Étienne,europe,fr,
Jacobs (Spain),europe,es,
Menon International (United States),northamerica,us,
Thiel College,northamerica,us,
Jeffrey Modell Foundation,australasia,au,
Wroclaw Medical University,europe,pl,
Shenzhen University Health Science Center,asia,cn,
Pukyong National University,asia,kr,
Jimei University,asia,cn,
Samueli Institute,northamerica,us,
University of Guelph,northamerica,ca,
Universiti Teknologi Brunei,asia,bn,
"University of California, Santa Cruz",northamerica,us,
Leibniz-Institute for New Materials,europe,de,
Waters (United States),northamerica,us,
Indian Institute of Technology Kanpur,asia,in,
Augusta University,northamerica,us,
Instituto de Catálisis y Petroleoquímica,europe,es,
Capital Health,northamerica,us,
University of Alabama at Birmingham,northamerica,us,
Mayo Clinic,northamerica,us,
Phoenix Children's Hospital,northamerica,us,
Kyonggi University,asia,kr,
State Key Laboratory of Digital Medical Engineering,asia,cn,
Alfred I. duPont Hospital for Children,northamerica,us,
Addis Ababa University,africa,et,
Centre for Infectious Disease Research in Zambia,africa,zm,
Wachemo University,world,,
Kotebe University of Education,africa,et,
Indian Institute of Petroleum,asia,in,
Wallenberg Wood Science Center,europe,se,
Greater Poland Cancer Center,europe,pl,
Poznan University of Medical Sciences,europe,pl,
Nawi Graz,europe,at,
Intel (Germany),europe,de,
Hamad bin Khalifa University,asia,qa,
Acadia University,northamerica,ca,
University of North Carolina at Greensboro,northamerica,us,
Dalhousie University,northamerica,ca,
Izaak Walton Killam Health Centre,northamerica,ca,
Nanjing Agricultural University,asia,cn,
Institute of Photonic Sciences,europe,es,
Sardar Patel Renewable Energy Research Institute,asia,in,
Somerville Hospital,northamerica,us,
Rowan University,northamerica,us,
Washington University in St. Louis,northamerica,us,
University Hospital of Basel,europe,ch,
Novel (United States),northamerica,us,
Neurological Surgery,northamerica,us,
Irvine Valley College,northamerica,us,
Quaid-i-Azam University,asia,pk,
UPMC Presbyterian,northamerica,us,
National Heart Lung and Blood Institute,northamerica,us,
Cleveland Clinic Lerner College of Medicine,northamerica,us,
Asahi Kasei (Japan),asia,jp,
Golden Jubilee National Hospital,europe,gb,
Universidade Federal do Ceará,southamerica,br,
Madrid Institute for Advanced Studies,europe,es,
Istituto Ortopedico Rizzoli,europe,it,
AO Foundation,europe,ch,
University Medical Center Utrecht,europe,nl,
Emory University,northamerica,us,
Cardiovascular Institute of the South,northamerica,us,
Pasadena City College,northamerica,us,
L'Oreal (United States),northamerica,us,
L'Oréal (France),europe,fr,
MC10 (United States),northamerica,us,
Universiti Sains Islam Malaysia,asia,my,
Taibah University,asia,sa,
University of Salerno,europe,it,
Universitat de Girona,europe,es,
Parthenope University of Naples,europe,it,
Chaudhary Devi Lal University,asia,in,
Botanical Survey of India,asia,in,
Beijing Normal University,asia,cn,
Hunan Agricultural University,asia,cn,
Jiangxi Agricultural University,asia,cn,
University of Seoul,asia,kr,
Sunchon National University,asia,kr,
Korea Testing Laboratory,asia,kr,
Osaka Prefecture University,asia,jp,
Montana State University,northamerica,us,
North Dakota State University,northamerica,us,
University of Pittsburgh Medical Center,northamerica,us,
Lindsay Unified School District,northamerica,us,
Ministry of Ecology and Environment,asia,cn,
Kensington Health,northamerica,ca,
Lahore Garrison University,asia,pk,
Riphah International University,asia,pk,
"Government College University, Lahore",asia,pk,
Pakistan Institute of Nuclear Science and Technology,asia,pk,
Philips (Finland),europe,fi,
Centro de Investigaciones en Optica,northamerica,mx,
Hangzhou Academy of Agricultural Sciences,asia,cn,
Beijing Institute of Nanoenergy and Nanosystems,asia,cn,
Nanjing Maternity and Child Health Care Hospital,asia,cn,
Shenzhen Polytechnic University,asia,cn,
University Kebangsaan Malaysia Medical Centre,asia,my,
Kuwait Institute for Scientific Research,asia,kw,
London South Bank University,europe,gb,
Vilnius University,europe,lt,
Sigmund Freud Privatuniversität Wien,europe,at,
Japan Science and Technology Agency,asia,jp,
Keio University Hospital,asia,jp,
Korea Atomic Energy Research Institute,asia,kr,
Oxford Nanopore Technologies (United Kingdom),europe,gb,
Boston University,northamerica,us,
Universidade de Sorocaba,southamerica,br,
Harbin Medical University,asia,cn,
Istituto Scientifico Romagnolo per lo Studio e la Cura dei Tumori,europe,it,
Istituti di Ricovero e Cura a Carattere Scientifico,europe,it,
DWI – Leibniz Institute for Interactive Materials,europe,de,
The Seoul Institute,asia,kr,
VIB-KU Leuven Center for Microbiology,europe,be,
Palm Research Center,asia,id,
Max Planck - University of Ottawa Centre for Extreme and Quantum Photonics,northamerica,ca,
UConn Health,northamerica,us,
Korea Institute of Science and Technology,asia,kr,
Affiliated Hospital of Southwest Medical University,asia,cn,
Universitat Rovira i Virgili,europe,es,
Institute for Soldier Nanotechnologies,northamerica,us,
Tezpur University,asia,in,
Sardar Swaran Singh National Institute of Bio-Energy,asia,in,
Rajalakshmi Engineering College,world,,
Bioengineering Center,europe,ru,
National Institute for Interdisciplinary Science and Technology,asia,in,
Vrije Universiteit Brussel,europe,be,
Wyss Center for Bio and Neuroengineering,europe,ch,
Howard Hughes Medical Institute,northamerica,us,
Tokyo University of Information Sciences,asia,jp,
RIKEN,asia,jp,
Wako University,asia,jp,
United Arab Emirates University,asia,ae,
Shaheed Zulfiqar Ali Bhutto Institute of Science and Technology,asia,pk,
Korea Institute of Materials Science,asia,kr,
Yeungnam University,asia,kr,
"Jawaharlal Nehru Technological University, Hyderabad",asia,in,
National University of Science and Technology,europe,ru,
Netherlands Organisation for Applied Scientific Research,europe,nl,
Seoul National University Bundang Hospital,asia,kr,
University of Applied Sciences Utrecht,europe,nl,
American Museum of Natural History,northamerica,us,
Maastricht University,europe,nl,
Bio-Rad (United States),northamerica,us,
"National Agency for New Technologies, Energy and Sustainable Economic Development",europe,it,
"University of Campania ""Luigi Vanvitelli""",europe,it,
Bond University,australasia,au,
LMU Klinikum,europe,de,
Institute for Bioengineering of Catalonia,europe,es,
Zhengzhou University of Light Industry,asia,cn,
Peoples' Friendship University of Russia,europe,ru,
Vitreous Retina Macula Consultants of New York,northamerica,us,
Kaohsiung Medical University,asia,tw,
Kaohsiung Veterans General Hospital,asia,tw,
National Pingtung University of Science and Technology,asia,tw,
Min-Hwei College of Health Care Management,asia,tw,
Novo Nordisk Foundation,europe,dk,
Eastern Virginia Medical School,northamerica,us,
North Shore University Hospital,northamerica,us,
Louisiana State University in Shreveport,northamerica,us,
Research Foundation of The City University of New York,northamerica,us,
Baylor University Medical Center,northamerica,us,
Christ Hospital,northamerica,us,
Cooper University Hospital,northamerica,us,
Tufts Medical Center,northamerica,us,
Henry Ford Health System,northamerica,us,
Virginia Commonwealth University,northamerica,us,
Leipzig Heart Institute,europe,de,
Westchester Medical Center,northamerica,us,
National Chung Hsing University,asia,tw,
University of South Alabama,northamerica,us,
Duke Medical Center,northamerica,us,
Toronto General Hospital,northamerica,ca,
New England Biolabs (United States),northamerica,us,
Massachusetts General Hospital,northamerica,us,
"Hôpital Civil, Strasbourg",europe,fr,
Sorrento Therapeutics (United States),northamerica,us,
Laser Zentrum Hannover,europe,de,
Darmstadt University of Applied Sciences,europe,de,
Beth Israel Deaconess Medical Center,northamerica,us,
Leiden University Medical Center,europe,nl,
Hallym University,asia,kr,
Kangwon National University,asia,kr,
Gachon University,asia,kr,
Jeonbuk National University,asia,kr,
Al-Muthanna University,asia,iq,
Center for Excellence in Molecular Cell Science,asia,cn,
Max Planck Institute of Molecular Cell Biology and Genetics,europe,de,
Institute for Infocomm Research,asia,sg,
Central Glass (Japan),asia,jp,
Kyoto Medical Center,asia,jp,
Chubu University,asia,jp,
Sunnybrook Health Science Centre,northamerica,ca,
Institute of Acoustics,asia,cn,
China Pharmaceutical University,asia,cn,
Swiss Institute for Regenerative Medicine,europe,ch,
China University of Mining and Technology,asia,cn,
KIST Europe,europe,de,
Ultrahaptics (United Kingdom),europe,gb,
Dong-A University,asia,kr,
University of Würzburg,europe,de,
Yale Cancer Center,northamerica,us,
University of Kentucky,northamerica,us,
King Mongkut's University of Technology Thonburi,asia,th,
University of Monastir,africa,tn,
Laboratoire de génie civil et génie mécanique,europe,fr,
The Royal College Of Anesthesiologists Of Thailand,asia,th,
Babeș-Bolyai University,europe,ro,
Maria Curie-Skłodowska University,europe,pl,
University of Iowa,northamerica,us,
Eastman Dental Hospital,europe,gb,
Dankook University,asia,kr,
University of Beira Interior,europe,pt,
Universiti of Malaysia Sabah,asia,my,
Army Medical University,asia,cn,
Sapienza University of Rome,europe,it,
University of Coimbra,europe,pt,
Palo Alto Research Center,northamerica,us,
Shenyang Pharmaceutical University,asia,cn,
Sorbonne Université,europe,fr,
The Alfred Hospital,australasia,au,
Institute for Systems Engineering and Computers,europe,pt,
Universidade do Porto,europe,pt,
The University of Kitakyushu,asia,jp,
Guangdong Medical College,asia,cn,
Tunghai University,asia,tw,
Industrial Technology Research Institute,asia,tw,
De La Salle University,asia,ph,
University of Nottingham Malaysia Campus,asia,my,
Laboratoire d'Etude et de Recherche sur le Matériau Bois,europe,fr,
Eiken Chemical (Japan),asia,jp,
Angel Kanchev University of Ruse,europe,bg,
Ramakrishna Mission Vidyamandira,asia,in,
Biogas Institute of Ministry of Agriculture,asia,cn,
Great Lakes Bioenergy Research Center,northamerica,us,
Jiangsu University,asia,cn,
Shanghai Sixth People's Hospital,asia,cn,
Rakuten (Japan),asia,jp,
Santa Barbara City College,northamerica,us,
Oak Ridge Associated Universities,northamerica,us,
Charles Humbert 8,europe,ch,
Moscow Institute of Thermal Technology,europe,ru,
Research Center for Eco-Environmental Sciences,asia,cn,
Inner Mongolia University of Technology,asia,cn,
Fractionnation of AgroResources and Environment,europe,fr,
ESCP Business School,europe,fr,
Fraunhofer Austria,europe,at,
Decision Sciences (United States),northamerica,us,
Festo (Germany),europe,de,
Keele University,europe,gb,
Risk Management Solutions (United Kingdom),europe,gb,
University of Geneva,europe,ch,
Universidade Federal do Rio Grande do Sul,southamerica,br,
Sardar Vallabhbhai National Institute of Technology Surat,asia,in,
University of Hormozgan,asia,ir,
University of St.Gallen,europe,ch,
HUN-REN Institute for Computer Science and Control,europe,hu,
"Fraunhofer Institute of Optronics, System Technologies and Image Exploitation",europe,de,
Siemens (United States),northamerica,us,
McMaster University,northamerica,ca,
University of Brescia,europe,it,
Mila - Quebec Artificial Intelligence Institute,northamerica,ca,
Free University of Bozen-Bolzano,europe,it,
Korea Institute of Industrial Technology,asia,kr,
York University,northamerica,ca,
West Virginia University,northamerica,us,
Bremer Institut für Produktion und Logistik GmbH,world,,
École Normale Supérieure Paris-Saclay,europe,fr,
Corvinus University of Budapest,europe,hu,
Research Foundation - Flanders,europe,be,
Universitat de València,europe,es,
Catholic University of Central Africa,africa,cm,
TBS Education,europe,fr,
Hôpital Saint-Michel,europe,fr,
Exxelia (France),europe,fr,
Galatasaray University,asia,tr,
Ostwestfalen-Lippe University of Applied Sciences and Arts,europe,de,
Guangdong University of Petrochemical Technology,asia,cn,
Jiangxi University of Science and Technology,asia,cn,
University of Detroit Mercy,northamerica,us,
Montpellier Business School,europe,fr,
Instituto Politecnico de Setubal,europe,pt,
Xavier School of Management,asia,in,
Indian Institute of Management Lucknow,asia,in,
"Birla Institute of Technology, Mesra",asia,in,
Intelligent Systems Technology (United States),northamerica,us,
Colorado Power Electronics (United States),northamerica,us,
Tallinn University of Technology,europe,ee,
University of Arts and Industrial Design Linz,europe,at,
Middlesex University,europe,gb,
Hanoi University of Civil Engineering,asia,vn,
Edge Hill University,europe,gb,
Indian Institute of Information Technology Sri City,world,,
Athlone Institute of Technology,europe,ie,
Zeppelin Universität gemeinnützige GmbH,europe,de,
Acatech,europe,de,
University of Primorska,europe,si,
Ministry of Infrastructure,europe,si,
Bangkok University,asia,th,
University of Plymouth,europe,gb,
Open University of Cyprus,asia,cy,
University of Macedonia,europe,gr,
Kolektor (Slovenia),europe,si,
Polytechnic Institute of Viana do Castelo,europe,pt,
École Supérieure du Commerce Extérieur,europe,fr,
Università degli Studi del Piemonte Orientale “Amedeo Avogadro”,europe,it,
Jamia Millia Islamia,asia,in,
Dr. B. R. Ambedkar National Institute of Technology Jalandhar,asia,in,
Govind Ballabh Pant University of Agriculture and Technology,asia,in,
University of Oslo,europe,no,
China Aerospace Science and Technology Corporation,asia,cn,
Pontifícia Universidade Católica do Paraná,southamerica,br,
Institute of Management Sciences Peshawar,asia,pk,
Eastern Mediterranean University,asia,cy,
Universität Innsbruck,europe,at,
Excelia Business School,europe,fr,
Abu Dhabi University,asia,ae,
"National University of Ireland, Maynooth",europe,ie,
Institute of Transportation and Logistic Trisakti,asia,id,
East China University of Technology,asia,cn,
Jiangxi University of Finance and Economics,asia,cn,
Centro de Estudios e Investigaciones Técnicas de Gipuzkoa,europe,es,
Indian Institute of Management Mumbai,asia,in,
"California State University, Bakersfield",northamerica,us,
University of Debrecen,europe,hu,
Old Dominion University,northamerica,us,
Doshisha University,asia,jp,
An-Najah National University,asia,ps,
University of Udine,europe,it,
Fujian Agriculture and Forestry University,asia,cn,
Polytechnic Institute of Bragança,europe,pt,
University of Applied Sciences Emden Leer,europe,de,
Karlsruhe University of Education,europe,de,
Northern Illinois University,northamerica,us,
Florida Agricultural and Mechanical University,northamerica,us,
The University of Texas Health Science Center at Houston,northamerica,us,
Mayo Clinic in Florida,northamerica,us,
Dokuz Eylül University,asia,tr,
University of Turin,europe,it,
Roger Williams University,northamerica,us,
University of Mannheim,europe,de,
Zhongnan University of Economics and Law,asia,cn,
South Central Minzu University,asia,cn,
Shanghai Business School,asia,cn,
Carl Zeiss (Germany),europe,de,
Singapore Management University,asia,sg,
University of West Bohemia in Pilsen,europe,cz,
Czech Technical University in Prague,europe,cz,
Leeds Beckett University,europe,gb,
Universidade Paulista,southamerica,br,
Chinese Academy of Engineering,asia,cn,
Fraunhofer Chalmers Research Centre for Industrial Mathematics,europe,se,
Vicomtech,europe,es,
Fondazione GraphiTech,europe,it,
Centro de Computação Gráfica,europe,pt,
Hasso Plattner Institute,europe,de,
Universidad Tecnológica de Panamá,northamerica,pa,
Hanoi University of Science and Technology,asia,vn,
"Vietnam National University, Hanoi",asia,vn,
Université d'Angers,europe,fr,
Université de Tours,europe,fr,
University of Kyrenia,asia,cy,
Amirkabir University of Technology,asia,ir,
Cyprus International University,asia,cy,
Biruni University,asia,tr,
Jazan University,asia,sa,
National University of Computer and Emerging Sciences,asia,pk,
NEOMA Business School,europe,fr,
Fujitsu (Japan),asia,jp,
Austrian Institute of Technology,europe,at,
Vienna University of Economics and Business,europe,at,
Indian Institute of Management Ahmedabad,asia,in,
Berlin School of Economics and Law,europe,de,
Otto-von-Guericke-Universität Magdeburg,europe,de,
Chemnitz University of Technology,europe,de,
South Asian University,asia,in,
Machine Intelligence Research Labs,northamerica,us,
Liaocheng University,asia,cn,
Bavarian Center for Applied Energy Research,europe,de,
Nuremberg Hospital,europe,de,
University of Alabama in Huntsville,northamerica,us,
JPMorgan Chase & Co (United States),northamerica,us,
Manipal Academy of Higher Education,asia,in,
Bahçeşehir University,asia,tr,
Materials Systems (United States),northamerica,us,
University of Hertfordshire,europe,gb,
Amity University,asia,in,
Management Development Institute,asia,in,
Hofstra University,northamerica,us,
Universidad Católica del Norte,southamerica,cl,
Universidad de Colima,northamerica,mx,
Universidad de León,northamerica,mx,
Universidad Politécnica de Sinaloa,world,,
Instituto Superior Politécnico Gaya,europe,pt,
Shandong Jianzhu University,asia,cn,
Namibia University of Science and Technology,africa,na,
High Energy Materials Research Laboratory,asia,in,
UCLA Health,northamerica,us,
University of Vaasa,europe,fi,
United States Department of Health and Human Services,northamerica,us,
Ontario College of Art and Design,northamerica,ca,
Magyar Agrár- és Élettudományi Egyetem,europe,hu,
University of Azad Jammu and Kashmir,asia,pk,
University Carlo Cattaneo,europe,it,
Universidad de Murcia,europe,es,
Universidade Federal Fluminense,southamerica,br,
Pontifícia Universidade Católica do Rio de Janeiro,southamerica,br,
Universidade Federal da Paraíba,southamerica,br,
Indian Institute of Management Raipur,asia,in,
Ecole des Hautes Etudes Commerciales du Nord,europe,fr,
IE University,europe,es,
University of Southern Denmark,europe,dk,
Asia University,asia,jp,
Chung Yuan Christian University,asia,tw,
University of Michigan–Dearborn,northamerica,us,
Guizhou University,asia,cn,
University of Skövde,europe,se,
Northeastern University London,europe,gb,
National Institute of Telecommunications,southamerica,br,
Universidade do Vale do Rio dos Sinos,southamerica,br,
Universidade Federal do Piauí,southamerica,br,
Muroran Institute of Technology,asia,jp,
Petronas (Malaysia),asia,my,
Mondragon Unibertsitatea,europe,es,
The University of Texas Rio Grande Valley,northamerica,us,
Schneider Electric (France),europe,fr,
Embry–Riddle Aeronautical University,northamerica,us,
Lanzhou Jiaotong University,asia,cn,
Taylor's University,asia,my,
Vaal University of Technology,africa,za,
Laboratoire des Sciences du Numérique de Nantes,europe,fr,
Reutlingen University,europe,de,
Universidade Federal de Santa Catarina,southamerica,br,
Florida Institute of Technology,northamerica,us,
Université du Québec à Trois-Rivières,northamerica,ca,
Université du Québec en Abitibi-Témiscamingue,northamerica,ca,
Lenovo (China),asia,cn,
University of South Bohemia in České Budějovice,europe,cz,
University of the Sciences,northamerica,us,
Institute of Space Technology,asia,pk,
Ministry of Public Security of the People's Republic of China,asia,cn,
Centre for Sustainable Energy,europe,gb,
Xi'an University of Technology,asia,cn,
Research Institute for Sustainability at GFZ,europe,de,
Zagazig University,africa,eg,
Hanken School of Economics,europe,fi,
Universitat Ramon Llull,europe,es,
Government of Haryana,asia,in,
Università degli Studi della Tuscia,europe,it,
University of Dhaka,asia,bd,
Lincoln University - Pennsylvania,northamerica,us,
Skyworth (China),asia,cn,
University of Liverpool,europe,gb,
"Centro Tecnológico de Investigación, Desarrollo e Innovación en tecnologías de la Información y las Comunicaciones (TIC)",europe,es,
Fachhochschule Salzburg,europe,at,
Viavi Solutions (United States),northamerica,us,
Xi’an University of Posts and Telecommunications,asia,cn,
University of Aveiro,europe,pt,
University of Zielona Góra,europe,pl,
National Institute of Technology Raipur,asia,in,
Universidad Popular Autónoma del Estado de Puebla,northamerica,mx,
University of Split,europe,hr,
University of Portsmouth,europe,gb,
University College of Northern Denmark,europe,dk,
German Graduate School of Management and Law,europe,de,
Syrian Private University,asia,sy,
Université Clermont Auvergne,europe,fr,
Central Institute of Post-Harvest Engineering and Technology,asia,in,
AST Products (United States),northamerica,us,
GALAB Laboratories (Germany),europe,de,
Centro Tecnológico del Mar,europe,es,
Nofima,europe,no,
Cukurova University,asia,tr,
"Systems, Applications & Products in Data Processing (Germany)",europe,de,
Dongguk University,asia,kr,
Dalian Medical University,asia,cn,
Universidade Aberta,europe,pt,
Kathmandu University,asia,np,
Fore School of Management,asia,in,
Bharati Vidyapeeth Deemed University,asia,in,
Collins College,northamerica,us,
Chongqing Normal University,asia,cn,
University of Waikato,australasia,nz,
Laboratori Guglielmo Marconi (Italy),europe,it,
Sambalpur University,asia,in,
Universiti Tunku Abdul Rahman,asia,my,
LUM Jean Monnet University,europe,it,
Jiangsu University of Science and Technology,asia,cn,
University of Derby,europe,gb,
Institut National Polytechnique de Toulouse,europe,fr,
Vilnius Gediminas Technical University,europe,lt,
Zhongkai University of Agriculture and Engineering,asia,cn,
Eastern Michigan University,northamerica,us,
University of Salford,europe,gb,
Athabasca University,northamerica,ca,
Universidad Santiago de Cali,southamerica,co,
Universidade Federal do Paraná,southamerica,br,
Częstochowa University of Technology,europe,pl,
Fraunhofer Institute for Intelligent Analysis and Information Systems,europe,de,
Fraunhofer Institute for Machine Tools and Forming Technology,europe,de,
Grantmakers for Effective Organizations,northamerica,us,
Research Institute of Petroleum Exploration and Development,asia,cn,
Eastman Chemical Company (United States),northamerica,us,
Bauhaus-Universität Weimar,europe,de,
Ton Duc Thang University,asia,vn,
Federal Center for Technological Education Celso Suckow da Fonseca,southamerica,br,
Louisiana State University,northamerica,us,
Changsha University of Science and Technology,asia,cn,
IMT School for Advanced Studies Lucca,europe,it,
Institute of Fundamental Technological Research,europe,pl,
Polytechnic Institute of Porto,europe,pt,
Sinopec (China),asia,cn,
The University of Texas at Arlington,northamerica,us,
ExxonMobil (United States),northamerica,us,
Indiana Geological and Water Survey,northamerica,us,
Indian Institute of Technology Mandi,asia,in,
Jiaxing University,asia,cn,
Federation University,australasia,au,
State Key Laboratory of Oil and Gas Reservoir Geology and Exploitation,asia,cn,
Emirates Aviation University,asia,ae,
Warsaw University of Life Sciences,europe,pl,
University of Pardubice,europe,cz,
Alfred-Wegener-Institut Helmholtz-Zentrum für Polar- und Meeresforschung,europe,de,
Geological Survey of Denmark and Greenland,europe,dk,
Bureau of Economic Analysis,northamerica,us,
Global Engineering Research and Technologies (United States),northamerica,us,
Johns Hopkins University Applied Physics Laboratory,northamerica,us,
Schlumberger (United States),northamerica,us,
Dagestan Scientific Center of the Russian Academy of Sciences,europe,ru,
Southwest University of Science and Technology,asia,cn,
Mali-Folkecenter,africa,ml,
Modern Electron (United States),northamerica,us,
University of the Sunshine Coast,australasia,au,
Prince Philip Dental Hospital,asia,cn,
Chengdu University of Technology,asia,cn,
Northeast Petroleum University,asia,cn,
Daqing Oilfield General Hospital,asia,cn,
University of Dundee,europe,gb,
Krantiguru Shyamji Krishna Verma Kachchh University,asia,in,
Université de Lille,europe,fr,
Gheorghe Asachi Technical University of Iași,europe,ro,
Fraunhofer Institute for Wood Research Wilhelm-Klauditz-Institut,europe,de,
Beijing Research Institute of Uranium Geology,asia,cn,
Southeast Missouri State University,northamerica,us,
European Synchrotron Radiation Facility,europe,fr,
Institute of Rock and Soil Mechanics,asia,cn,
Siemens (Belgium),europe,be,
Shenzhen Institute of Information Technology,asia,cn,
Max Planck Institute for Polymer Research,europe,de,
Jožef Stefan Institute,europe,si,
Naval Surface Warfare Center,northamerica,us,
Micro Materials (United Kingdom),europe,gb,
Lucerne University of Applied Sciences and Arts,europe,ch,
Romanian Academy,europe,ro,
National Research Tomsk State University,europe,ru,
China Coal Technology and Engineering Group Corp (China),asia,cn,
Instytut Techniczny Wojsk Lotniczych,europe,pl,
Wuhan Ship Development & Design Institute,asia,cn,
Nagoya University,asia,jp,
Hunan University of Science and Technology,asia,cn,
Shaanxi Yanchang Petroleum (China),asia,cn,
Research Institute of Forestry,asia,cn,
North China University of Technology,asia,cn,
Geological Survey of Finland,europe,fi,
China National Petroleum Corporation (China),asia,cn,
Institut Charles Gerhardt Montpellier,europe,fr,
ARC Centre of Excellence for Enabling Eco-Efficient Beneficiation of Minerals,australasia,au,
Kingston University,europe,gb,
University of Babylon,asia,iq,
University of Évora,europe,pt,
Zabol University,asia,ir,
Adobe Systems (United States),northamerica,us,
California University of Pennsylvania,northamerica,us,
Gold Skin Care Center,northamerica,us,
"Department of Science,Technology and Innovation",africa,za,
International Advanced Research Centre for Powder Metallurgy and New Materials,asia,in,
Institute of Fluid Flow-Machinery,europe,pl,
Beijing Information Science & Technology University,asia,cn,
Lutheran School of Theology at Chicago,northamerica,us,
Yokohama Rubber (Japan),asia,jp,
"Islamic Azad University, Marvdasht",asia,ir,
Indian Institute of Technology BHU,asia,in,
Changsha University,asia,cn,
Aviation Industry Corporation of China (China),asia,cn,
Shell (Netherlands),europe,nl,
Mount Medical Centre,australasia,au,
Core Laboratories (United States),northamerica,us,
Fukuoka University,asia,jp,
Université Djilali de Sidi Bel Abbès,africa,dz,
Instituto Politécnico de Lisboa,europe,pt,
Reservoir Engineering Research Institute,northamerica,us,
Federal Institute For Materials Research and Testing,europe,de,
Materials Center Leoben (Austria),europe,at,
Institut Pprime,europe,fr,
Bureau of Economic Geology,world,,
China Coal Research Institute (China),asia,cn,
Arup Group (United States),northamerica,us,
Guangxi University of Science and Technology,asia,cn,
Jiangnan University,asia,cn,
Dalian University,asia,cn,
K.N.Toosi University of Technology,asia,ir,
Total (France),europe,fr,
Federal Center for Technological Education of Minas Gerais,southamerica,br,
China Geological Survey,asia,cn,
Xi'an Shiyou University,asia,cn,
AC2T Research (Austria),europe,at,
ConocoPhillips (United States),northamerica,us,
Botswana International University of Science and Technology,africa,bw,
Ondokuz Mayıs University,asia,tr,
Grand Forks Human Nutrition Research Center,northamerica,us,
Far Eastern Federal University,europe,ru,
Vinoba Bhave University,asia,in,
National Institute of Technology Karnataka,asia,in,
Le Quy Don Technical University,asia,vn,
"Czech Academy of Sciences, Institute of Geonics",europe,cz,
Itasca Consultants (United States),northamerica,us,
Vietnamese-German University,asia,vn,
China Medical University,asia,tw,
Taiyuan University of Technology,asia,cn,
University of Shahrood,asia,ir,
Bu-Ali Sina University,asia,ir,
"Laboratoire de Mécanique, Multiphysique, Multiéchelle",europe,fr,
Nantong University,asia,cn,
Université de Montréal,northamerica,ca,
Institute for Tropical Technology,world,,
Université de Toulon,europe,fr,
Universidad de Valladolid,europe,es,
Ankang University,asia,cn,
Xi’an University,asia,cn,
PowerChina (China),asia,cn,
University of Missouri,northamerica,us,
Science and Technology Facilities Council,europe,gb,
ARC Centre of Excellence for Electromaterials Science,australasia,au,
Brigham Young University,northamerica,us,
Central University of Venezuela,southamerica,ve,
N.D. Zelinsky Institute of Organic Chemistry,europe,ru,
St Petersburg University,europe,ru,
University of Arkansas at Fayetteville,northamerica,us,
Canadian Institute for Advanced Research,northamerica,ca,
Deutsches Biomasseforschungszentrum,europe,de,
Dominican University,northamerica,us,
Florida State University,northamerica,us,
City College of New York,northamerica,us,
Hacettepe University,asia,tr,
UiT The Arctic University of Norway,europe,no,
Rikkyo University,asia,jp,
University of Georgia,northamerica,us,
Bethel University,northamerica,us,
Harbin Normal University,asia,cn,
University of Puerto Rico at Río Piedras,northamerica,pr,
Canadian Light Source (Canada),northamerica,ca,
Total (Belgium),europe,be,
Universidad de Burgos,europe,es,
Nanjing Normal University,asia,cn,
Tianjin University of Technology,asia,cn,
Henan Normal University,asia,cn,
University of Nizwa,asia,om,
Defense Advanced Research Projects Agency,northamerica,us,
Shanghai Institute of Applied Physics,asia,cn,
Prairie View A&M University,northamerica,us,
Illinois College,northamerica,us,
Institut Agro Montpellier,europe,fr,
Centre de Coopération Internationale en Recherche Agronomique pour le Développement,europe,fr,
Sebelas Maret University,asia,id,
Indonesia University of Education,asia,id,
Institute for Basic Science,asia,kr,
University of Glasgow,europe,gb,
CSIRO Manufacturing,australasia,au,
Abubakar Tafawa Balewa University,africa,ng,
Max Planck Computing and Data Facility,europe,de,
Saudi Aramco (Saudi Arabia),asia,sa,
Japan Synchrotron Radiation Research Institute,asia,jp,
National Synchrotron Radiation Research Center,asia,tw,
National Interuniversity Consortium of Materials Science and Technology,europe,it,
Institute for Advanced Energy Technologies,europe,it,
Shijiazhuang University,asia,cn,
Institut Català d'Investigació Química,europe,es,
"University of Maryland, Baltimore",northamerica,us,
University of Vienna,europe,at,
Indian Institute of Science Education and Research Berhampur,asia,in,
BASF (Netherlands),europe,nl,
Institute of Coal Chemistry,asia,cn,
National Energy Research Center,asia,jo,
Centre for Research and Technology Hellas,europe,gr,
Australian Regenerative Medicine Institute,australasia,au,
University of Pavol Jozef Šafárik,europe,sk,
State Key Joint Laboratory of Environment Simulation and Pollution Control,asia,cn,
Universiti Brunei Darussalam,asia,bn,
Hanbat National University,asia,kr,
Energy Institute,europe,gb,
Universidad de Cantabria,europe,es,
Instituto de Engenharia de Sistemas e Computadores Investigação e Desenvolvimento,europe,pt,
Polytechnic Institute of Portalegre,europe,pt,
University of Chieti-Pescara,europe,it,
University of Bari Aldo Moro,europe,it,
Shanxi Normal University,asia,cn,
Institute of Organic Chemistry,europe,hu,
Lahore University of Management Sciences,asia,pk,
University Malaya Medical Centre,asia,my,
China Guangzhou Analysis and Testing Center,asia,cn,
Center of Research and Technologic Development in Electrochemistry,northamerica,mx,
C-Tech Innovation (United Kingdom),europe,gb,
Heriot-Watt University Malaysia,asia,my,
Institute of Chemical and Engineering Sciences,asia,sg,
Gomal University,asia,pk,
Dongguan University of Technology,asia,cn,
Toronto Public Health,northamerica,ca,
Queen's University,northamerica,ca,
Rede de Química e Tecnologia,europe,pt,
Jawaharlal Nehru Centre for Advanced Scientific Research,asia,in,
Research Complex at Harwell,europe,gb,
Lanzhou University,asia,cn,
Lanzhou University of Technology,asia,cn,
Scripps Research Institute,northamerica,us,
China West Normal University,asia,cn,
Yunnan University,asia,cn,
Green Chemistry,europe,pl,
University of Toyama,asia,jp,
Suzhou University of Science and Technology,asia,cn,
University of Oregon,northamerica,us,
Franciscan University of Steubenville,northamerica,us,
Danish Geotechnical Society,europe,dk,
Giner (United States),northamerica,us,
Chengdu University,asia,cn,
King Khalid University,asia,sa,
A. N. Nesmeyanov Institute of Organoelement Compounds,europe,ru,
University of Cagliari,europe,it,
Langfang Normal University,asia,cn,
Centro Universitário FEI,southamerica,br,
University of Novi Sad,europe,rs,
University of Osijek,europe,hr,
JEOL (China),asia,cn,
University of Al Maarif,asia,iq,
West Pomeranian University of Technology in Szczecin,europe,pl,
University of Mauritius,africa,mu,
Selçuk University,asia,tr,
Instituto Superior Técnico,europe,pt,
Henan University of Engineering,asia,cn,
Ji Hua Laboratory,asia,cn,
Materials Research Group (United States),northamerica,us,
AkzoNobel (Netherlands),europe,nl,
Center for Advancing Electronics Dresden,europe,de,
Society for Chemical Engineering and Biotechnology,europe,de,
University of Teramo,europe,it,
University of Perugia,europe,it,
Open Ephys Production Site (Portugal),europe,pt,
Kasetsart University,asia,th,
22q11 Ireland,europe,ie,
Institute of Materials Research and Engineering,asia,sg,
Boston College,northamerica,us,
Medical University of Lublin,europe,pl,
Institute of Macromolecular Chemistry,europe,ua,
Institute for Advanced Study,europe,de,
Consejo Superior de Investigaciones Científicas,europe,es,
Dow Chemical (Netherlands),europe,nl,
Universidad de Cádiz,europe,es,
Liaoning Normal University,asia,cn,
École Nationale Supérieure de Chimie de Lille,europe,fr,
Åbo Akademi University,europe,fi,
Hydrogenics (Canada),northamerica,ca,
University of Otago,australasia,nz,
Waseda University,asia,jp,
Laboratoire de Mécanique et Procédés de Fabrication,europe,fr,
United States Department of the Interior,northamerica,us,
Technical University of Crete,europe,gr,
Yunnan Normal University,asia,cn,
Qufu Normal University,asia,cn,
Korea Basic Science Institute,asia,kr,
Haldor Topsoe (Denmark),europe,dk,
Southern Federal University,europe,ru,
Leibniz Institute for Catalysis,europe,de,
University of the Philippines Diliman,asia,ph,
Plant (United States),northamerica,us,
ISRIC - World Soil Information,europe,nl,
"Institut für Medizinische Informatik, Biometrie und Epidemiologie",europe,de,
Radboud University Nijmegen,europe,nl,
National Institute for Public Health and the Environment,europe,nl,
Leibniz Association,europe,de,
Stockholm Resilience Centre,europe,se,
GEOMAR Helmholtz Centre for Ocean Research Kiel,europe,de,
Vrije Universiteit Amsterdam,europe,nl,
European Space Research Institute,europe,it,
Finnish Environment Institute,europe,fi,
New School,northamerica,us,
Ministry of Science and Technology of the People's Republic of China,asia,cn,
Southern Research Station,northamerica,us,
GeoVille (Austria),europe,at,
European Centre for Medium-Range Weather Forecasts,europe,gb,
Research Institute for Geo-Hydrological Protection,europe,it,
Kjeller Innovasjon (Norway),europe,no,
Finnish Meteorological Institute,europe,fi,
European Centre for Space Applications and Telecommunications,europe,gb,
CICERO Center for International Climate Research,europe,no,
Hebrew University of Jerusalem,asia,il,
Xi’an Jiaotong-Liverpool University,asia,cn,
US Forest Service,northamerica,us,
Institute for Interdisciplinary Studies of Austrian Universities,europe,at,
Graz University of Technology,europe,at,
Treeze (Switzerland),europe,ch,
Bern University of Applied Sciences,europe,ch,
Leibniz Institute for Prevention Research and Epidemiology - BIPS,europe,de,
52°North Spatial Information Research,europe,de,
Ahsanullah University of Science and Technology,asia,bd,
NILU,europe,no,
Instytut Badawczy Leśnictwa,europe,pl,
"Swiss Federal Institute for Forest, Snow and Landscape Research",europe,ch,
Bavarian State Research Center for Agriculture,europe,de,
Lamont-Doherty Earth Observatory,northamerica,us,
Reykjavík Energy (Iceland),europe,is,
Iceland GeoSurvey,europe,is,
Energy Foundation,northamerica,us,
Simon Fraser University,northamerica,ca,
World Resources Institute,northamerica,us,
ClimateWorks Foundation,northamerica,us,
Center for Environmental Health,northamerica,us,
Vehicle Technologies Office,northamerica,us,
Asian Institute of Technology,asia,th,
Rocky Mountain Institute,northamerica,us,
World Business Council for Sustainable Development,europe,ch,
Genetic Alliance,northamerica,us,
Aspen Global Change Institute,northamerica,us,
Energy and Resources Institute,asia,in,
Breakthrough Institute,northamerica,us,
Children's Investment Fund Foundation,europe,gb,
Statistics Norway,europe,no,
"Wuppertal Institute for Climate, Environment and Energy",europe,de,
2.-0 LCA Consultants (Denmark),europe,dk,
Institute for Social Anthropology,europe,at,
Ministère des Ressources naturelles et des Forêts,northamerica,ca,
Institute of Geography,asia,kz,
Forest Research,europe,gb,
Institute of Geography of the Slovak Academy of Sciences,europe,sk,
World Agroforestry Centre,africa,ke,
Lilongwe University of Agriculture and Natural Resources,africa,mw,
Fordham University,northamerica,us,
Hertie School,europe,de,
Google (United States),northamerica,us,
Google DeepMind (United Kingdom),europe,gb,
University of Bergen,europe,no,
Pacific Southwest Research Station,northamerica,us,
"Czech Academy of Sciences, Global Change Research Institute",europe,cz,
Swiss Federal Institute of Aquatic Science and Technology,europe,ch,
Chinese Research Academy of Environmental Sciences,asia,cn,
Environmental Protection Agency,northamerica,us,
NSW Department of Planning and Environment,australasia,au,
Southern Cross University,australasia,au,
Research Council of Finland,europe,fi,
Finnish Geospatial Research Institute,europe,fi,
International Bamboo and Rattan Organization,asia,cn,
University of East Anglia,europe,gb,
Anhui University of Finance and Economics,asia,cn,
Masaryk University,europe,cz,
İstanbul Gelişim Üniversitesi,asia,tr,
Nord University,europe,no,
Universidade Federal Rural do Semi-Árido,southamerica,br,
Universidade Federal do Rio Grande do Norte,southamerica,br,
Kenya Agricultural Research Institute,africa,ke,
Telemark Research Institute,europe,no,
Norwegian University of Life Sciences,europe,no,
Indian Institute of Chemical Technology,asia,in,
CIRAIG,northamerica,ca,
ELSA,europe,fr,
Veolia (France),europe,fr,
Korea Railroad Research Institute,asia,kr,
Anadolu University,asia,tr,
DHC Software (China),asia,cn,
Biotechnology Research Center,asia,ir,
Prince of Songkla University,asia,th,
Southern University,asia,bd,
National Institutes of Biotechnology Malaysia,asia,my,
Ospedale Civile di Vittorio Veneto,europe,it,
Kobe University,asia,jp,
U.S. Salinity Laboratory,northamerica,us,
Max Planck Institute for Meteorology,europe,de,
Centre d'Études Spatiales de la Biosphère,europe,fr,
"Centre for Environment, Fisheries and Aquaculture Science",europe,gb,
Joint Global Change Research Institute,northamerica,us,
Tehran University of Art,asia,ir,
Hellenic Air Force,europe,gr,
State Key Laboratory of Pollution Control and Resource Reuse,asia,cn,
AZ Sint-Lucas,europe,be,
National Institute of Research and Development for Biological Sciences,europe,ro,
University of Catania,europe,it,
Pondicherry University,asia,in,
Durban University of Technology,africa,za,
E4tech (United Kingdom),europe,gb,
Jiwaji University,asia,in,
Bhabha Atomic Research Center Hospital,asia,in,
Manchester Metropolitan University,europe,gb,
University of Sannio,europe,it,
Myanmar Institute of Information Technology,asia,mm,
Hanoi National University of Education,asia,vn,
National Centre for Earth Science Studies,asia,in,
National Pingtung University,asia,tw,
Sinton Instruments,world,,
Mizuho (Japan),asia,jp,
Bayero University Kano,africa,ng,
International Institute for Environment and Development,europe,gb,
Danish Ministry of Defence,europe,dk,
eThekwini Municipality,africa,za,
Climate Central,northamerica,us,
Tarbiat Modares University,asia,ir,
University of South Florida St. Petersburg,northamerica,us,
Czech University of Life Sciences Prague,europe,cz,
Changjiang Water Resources Commission,asia,cn,
University of Basilicata,europe,it,
James Hutton Institute,europe,gb,
Aberystwyth University,europe,gb,
Clark University,northamerica,us,
University of Palermo,europe,it,
"Czech Academy of Sciences, Institute of Botany",europe,cz,
University of Tartu,europe,ee,
Semnan University,asia,ir,
Sojo University,asia,jp,
National Oceanography Centre,europe,gb,
The Open University,europe,gb,
Danish Technological Institute,europe,dk,
Shenyang Jianzhu University,asia,cn,
Shenyang Agricultural University,asia,cn,
German Institute for Economic Research,europe,de,
Institut du Développement Durable et des Relations Internationales,europe,fr,
Western New England University,northamerica,us,
Tashkent Institute of Irrigation and Agricultural Mechanization Engineers,asia,uz,
Al-Hussein Bin Talal University,asia,jo,
University of Wisconsin–Stevens Point,northamerica,us,
Shahid Bahonar University of Kerman,asia,ir,
Flinders University,australasia,au,
Shanghai University of Finance and Economics,asia,cn,
Ball State University,northamerica,us,
Deutscher Wetterdienst,europe,de,
Alberta Innovates,northamerica,ca,
Météo-France,europe,fr,
Institute of Agricultural Resources and Regional Planning,asia,cn,
Hebei GEO University,asia,cn,
Guangdong Academy of Sciences,asia,cn,
National Institute of Water and Atmospheric Research,australasia,nz,
Senckenberg Biodiversity and Climate Research Centre,europe,de,
Atkins (United States),northamerica,us,
Università Cattolica del Sacro Cuore,europe,it,
Bayburt University,asia,tr,
"NEIKER, Basque Institute for Agricultural Research and Development",europe,es,
University of Hohenheim,europe,de,
Camilo José Cela University,europe,es,
CSIRO Land and Water,australasia,au,
Guangxi University,asia,cn,
Netherlands Defence Academy,europe,nl,
Santa Fe Institute,northamerica,us,
Chhattisgarh Council of Science and Technology,asia,in,
Quantis (Switzerland),europe,ch,
Université de Montpellier,europe,fr,
Paris School of Economics,europe,fr,
University of Tabriz,asia,ir,
University of Gour Banga,asia,in,
Ford (Germany),europe,de,
Universitat Autònoma de Barcelona,europe,es,
Konrad Lorenz Institute for Evolution and Cognition Research,europe,at,
Illinois State University,northamerica,us,
CSIRO Oceans and Atmosphere,australasia,au,
Institut national de l'environnement industriel et des risques,europe,fr,
Planetary Science Institute,northamerica,us,
Mary Kay (United States),northamerica,us,
Texas A&M Engineering Experiment Station,world,,
Indiana State University,northamerica,us,
Gifu University,asia,jp,
INFRAS (Switzerland),europe,ch,
Universidad Autónoma de Coahuila,northamerica,mx,
Universidad Juárez del Estado de Durango,northamerica,mx,
Jain University,asia,in,
Mokpo National University,asia,kr,
National University of Ireland,europe,ie,
London School of Hygiene & Tropical Medicine,europe,gb,
City University of New York,northamerica,us,
Ministry of Forests,northamerica,ca,
Scottish Association For Marine Science,europe,gb,
Marine Biodiversity Exploitation and Conservation,europe,fr,
NOAA National Marine Fisheries Service,northamerica,us,
Ecopath International Initiative,europe,es,
Fisheries and Oceans Canada,northamerica,ca,
Albany State University,northamerica,us,
NOAA Geophysical Fluid Dynamics Laboratory,northamerica,us,
NOAA National Centers for Environmental Prediction,northamerica,us,
Draper Laboratory,northamerica,us,
China Automotive Technology and Research Center,asia,cn,
Leuphana University of Lüneburg,europe,de,
Sonoma State University,northamerica,us,
National Centre for Earth Observation,europe,gb,
University of Massachusetts Boston,northamerica,us,
"Islamic Azad University, Mashhad",asia,ir,
Gorgan University of Agricultural Sciences and Natural Resources,asia,ir,
"Burkina Faso Ministry of the Environment, Green Economy, and Climate Change",africa,bf,
Hunter College,northamerica,us,
Nepal Agricultural Research Council,asia,np,
University of New England,australasia,au,
"Institut National de Recherche pour l'Agriculture, l'Alimentation et l'Environnement",europe,fr,
Te Pūnaha Matatini,world,,
Natural Resources Conservation Service,northamerica,us,
Arcadis (United States),northamerica,us,
Georgia Department of Natural Resources,northamerica,us,
University of Rostock,europe,de,
Ocean University of China,asia,cn,
Fraunhofer Institute for Building Physics,europe,de,
Zayed University,asia,ae,
Princess Nourah bint Abdulrahman University,asia,sa,
Deutsche Gesellschaft für Internationale Zusammenarbeit,europe,de,
Fondazione Edmund Mach,europe,it,
"National Academies of Sciences, Engineering, and Medicine",northamerica,us,
Fortum (Finland),europe,fi,
Laboratoire National Henri Becquerel,europe,fr,
Eurac Research,europe,it,
Geoscience Australia,australasia,au,
Science Systems and Applications (United States),northamerica,us,
Cooperative Institute for Research in Environmental Sciences,northamerica,us,
National Taipei University of Technology,asia,tw,
Ningbo University of Finance & Economics,asia,cn,
Pandit Deendayal Energy University,asia,in,
Universidade Estadual de Campinas (UNICAMP),southamerica,br,
China Meteorological Administration,asia,cn,
Environment and Climate Change Canada,northamerica,ca,
Interaction Sol Plante Atmosphère,europe,fr,
United States Department of Agriculture,northamerica,us,
Netherlands Space Office,europe,nl,
NORCE Research AS,europe,no,
Goddard Institute for Space Studies,northamerica,us,
Xi'an University of Architecture and Technology,asia,cn,
National Centre for Atmospheric Science,europe,gb,
Enel (Italy),europe,it,
TERI University,asia,in,
Laing O'Rourke (United Kingdom),europe,gb,
Université Paris Cité,europe,fr,
Universitas Trisakti,asia,id,
University of Lagos,africa,ng,
NED University of Engineering and Technology,asia,pk,
Universidad de Guanajuato,northamerica,mx,
University of Qom,asia,ir,
Universidade Federal de Viçosa,southamerica,br,
Philipps University of Marburg,europe,de,
Von Karman Institute for Fluid Dynamics,europe,be,
Université d'Avignon et des Pays de Vaucluse,europe,fr,
IHE Delft Institute for Water Education,europe,nl,
First Solar (United States),northamerica,us,
American Solar (United States),northamerica,us,
Dongbei University of Finance and Economics,asia,cn,
AECOM (China),asia,cn,
Institute of Geographic Sciences and Natural Resources Research,asia,cn,
Wuhan Engineering Science & Technology Institute,asia,cn,
Inner Mongolia University,asia,cn,
"Islamic Azad University, Masjed Soleyman",asia,ir,
University of Szeged,europe,hu,
Smithsonian Tropical Research Institute,northamerica,pa,
"University of Maryland, Baltimore County",northamerica,us,
Mineral and Energy Economy Research Institute of the Polish Academy of Sciences,europe,pl,
China Institute of Water Resources and Hydropower Research,asia,cn,
Finnish Institute for Health and Welfare,europe,fi,
University Hospital Kerry,europe,ie,
Glasgow Caledonian University,europe,gb,
Oregon Health & Science University,northamerica,us,
Baker Heart and Diabetes Institute,australasia,au,
Milken Institute,northamerica,us,
Norwegian Institute of Public Health,europe,no,
Alberta Health Services,northamerica,ca,
Ministry of Health,africa,ke,
Pennington Biomedical Research Center,northamerica,us,
University of Regensburg,europe,de,
University of Colombo,asia,lk,
National Cancer Institute,northamerica,us,
National Department of Health,australasia,pg,
World Health Organization,europe,ch,
The Francis Crick Institute,europe,gb,
Fox Chase Cancer Center,northamerica,us,
Cold Spring Harbor Laboratory,northamerica,us,
Salk Institute for Biological Studies,northamerica,us,
Goethe University Frankfurt,europe,de,
Fred Hutch Cancer Center,northamerica,us,
Northwell Health,northamerica,us,
University Medical Center,northamerica,us,
Brown Foundation,northamerica,us,
"University of California, San Francisco",northamerica,us,
Guy's Hospital,europe,gb,
Accademia Albertina delle Belle Arti,europe,it,
Curtin University Sarawak,asia,my,
Centre Hospitalier Universitaire Sainte-Justine,northamerica,ca,
University Hospital Carl Gustav Carus,europe,de,
McGill University Health Centre,northamerica,ca,
Memorial Sloan Kettering Cancer Center,northamerica,us,
Gladstone Institutes,northamerica,us,
Berlin-Brandenburger Centrum für Regenerative Therapien,europe,de,
MRC Centre for Regenerative Medicine,europe,gb,
Bayer (Switzerland),europe,ch,
Universidade Federal de São Paulo,southamerica,br,
"Universidad Autónoma de Zacatecas ""Francisco García Salinas""",northamerica,mx,
Rockefeller University,northamerica,us,
Institute for Scientific Interchange,europe,it,
Georgetown University,northamerica,us,
Columbia University Irving Medical Center,northamerica,us,
Meta (Israel),asia,il,
Universidad de la República de Uruguay,southamerica,uy,
Vollum Institute,northamerica,us,
First Affiliated Hospital of Xi'an Jiaotong University,asia,cn,
University of Massachusetts Chan Medical School,northamerica,us,
Institute of Clinical and Experimental Medicine,europe,cz,
Konkuk University,asia,kr,
Pavlov Institute of Physiology of the Russian Academy of Sciences,europe,ru,
Swiss Paraplegic Center,europe,ch,
Institute for Biomedical Engineering,europe,ch,
National Institute of Neurological Disorders and Stroke,northamerica,us,
Michael Smith Health Research BC,northamerica,ca,
Baylor College of Medicine,northamerica,us,
Liaoning University,asia,cn,
Chengdu University of Traditional Chinese Medicine,asia,cn,
First Hospital of China Medical University,asia,cn,
Hospital Infantil de México Federico Gómez,northamerica,mx,
Universidad Autónoma Metropolitana,northamerica,mx,
Autonomous University of Tamaulipas,northamerica,mx,
Instituto Nacional de Rehabilitación,northamerica,mx,
Universidad de Cuautitlán Izcalli,northamerica,mx,
Institute of Animal Sciences,asia,cn,
Nello Carrara Institute of Applied Physics,europe,it,
University of Delhi,asia,in,
Zhejiang Shuren University,asia,cn,
Institute of Science and Technology Austria,europe,at,
First Affiliated Hospital of Jinan University,asia,cn,
Amsterdam University of Applied Sciences,europe,nl,
Ohio University,northamerica,us,
Grand Valley State University,northamerica,us,
University of Wah,asia,pk,
The London College,europe,gb,
NYU Langone Health,northamerica,us,
Neuroscience Institute,europe,it,
"University of Veterinary Medicine Hannover, Foundation",europe,de,
Medical University of South Carolina,northamerica,us,
Cleveland Clinic,northamerica,us,
Institut Agro Rennes-Angers,europe,fr,
Laboratoire de Physiologie et Génomique des Poissons,europe,fr,
"University of Chemistry and Technology, Prague",europe,cz,
Central European Institute of Technology,europe,cz,
Marine Biological Association of the United Kingdom,europe,gb,
Bermuda College,northamerica,bm,
Nova Southeastern University,northamerica,us,
University of Haifa,asia,il,
Board of the Swiss Federal Institutes of Technology,europe,ch,
Klinikum Stuttgart,europe,de,
Niigata University,asia,jp,
German Center for Lung Research,europe,de,
VSB - Technical University of Ostrava,europe,cz,
Karolinska Institutet,europe,se,
Intelligent Systems Research (United States),northamerica,us,
Education Scotland,europe,gb,
Edinburgh Royal Infirmary,europe,gb,
Medical University of Graz,europe,at,
FH JOANNEUM University of Applied Sciences,europe,at,
Kochi University of Technology,asia,jp,
MRC Lifecourse Epidemiology Unit,europe,gb,
Netherlands Institute of Ecology,europe,nl,
University of Neuchâtel,europe,ch,
University of Cologne,europe,de,
Universidad Bernardo O'Higgins,southamerica,cl,
University of Göttingen,europe,de,
Real Jardín Botánico,europe,es,
University of Lancashire,europe,gb,
University of Konstanz,europe,de,
Istituto di Matematica Applicata e Tecnologie Informatiche,europe,it,
North Carolina Museum of Natural Sciences,northamerica,us,
New York Psychoanalytic Society and Institute,northamerica,us,
Allen Institute for Brain Science,northamerica,us,
Vanderbilt University Medical Center,northamerica,us,
National Microelectronics Institute,europe,gb,
Centre hospitalier de l'Université Laval,northamerica,ca,
Cégep de Lévis,northamerica,ca,
Medtronic (United States),northamerica,us,
Motac Neuroscience (United Kingdom),europe,gb,
Fraunhofer Institute for Microengineering and Microsystems,europe,de,
Centre Hospitalier Universitaire Vaudois,europe,ch,
The University of Texas Southwestern Medical Center,northamerica,us,
Nova Institut,europe,de,
McGovern Institute for Brain Research,northamerica,us,
Kanagawa Prefectural Hospital Organization,asia,jp,
Barrow Neurological Institute,northamerica,us,
Second Affiliated Hospital of Jilin University,asia,cn,
WinnMed,northamerica,us,
Central Electrochemical Research Institute,asia,in,
Florida Polytechnic University,northamerica,us,
SoftBank Robotics (France),europe,fr,
University of Łódź,europe,pl,
"Center for Forensic Mental Health, Chiba University",asia,jp,
Teikyo University Chiba Medical Center,asia,jp,
Jackson Laboratory,northamerica,us,
Institute for Behavioral Medicine,northamerica,us,
Charles University,europe,cz,
National Hospital for Neurology and Neurosurgery,europe,gb,
Teikyo University,asia,jp,
Capital Medical University,asia,cn,
Norwegian Institute for Nature Research,europe,no,
Charles Sturt University,australasia,au,
New South Wales Department of Primary Industries,australasia,au,
Universidade Federal de Lavras,southamerica,br,
Umkhuseli Innovation and Research Management,africa,za,
InStream Fisheries Research (Canada),northamerica,ca,
Flinders Medical Centre,australasia,au,
The Affiliated Yongchuan Hospital of Chongqing Medical University,asia,cn,
Translational Research Institute,australasia,au,
Institute for Cross-Disciplinary Physics and Complex Systems,europe,es,
Centre for Addiction and Mental Health,northamerica,ca,
John Radcliffe Hospital,europe,gb,
University of Arkansas Medical Center,northamerica,us,
CTO Hospital,europe,it,
Medizinische Hochschule Hannover,europe,de,
Bionics Institute,australasia,au,
Université Joseph Fourier,europe,fr,
Vita-Salute San Raffaele University,europe,it,
Max Planck Institute for Medical Research,europe,de,
STZ eyetrial,europe,de,
Swiss Cancer Center Léman,europe,ch,
Children's National,northamerica,us,
Monash Health,australasia,au,
Swedish Research Council,europe,se,
University of Lausanne,europe,ch,
VA NY Harbor Healthcare System,northamerica,us,
Murdoch University,australasia,au,
VIB-KU Leuven Center for Cancer Biology,europe,be,
Oklahoma State University Center for Health Sciences,northamerica,us,
Sam Houston State University,northamerica,us,
College Station Medical Center,northamerica,us,
Museum für Naturkunde,europe,de,
Rothamsted Research,europe,gb,
All India Institute of Medical Sciences,asia,in,
Liverpool School of Tropical Medicine,europe,gb,
Norsk Hydro (Germany),europe,de,
Complejo Hospitalario de Jaén,europe,es,
Stomatology Hospital,asia,cn,
Northeast Ohio Medical University,northamerica,us,
Górnośląskie Centrum Zdrowia Dziecka w Katowicach,world,,
Medical University of Silesia,europe,pl,
Second Military Medical University,asia,cn,
SRM Institute of Science and Technology,asia,in,
All India Institute of Medical Sciences Bhopal,asia,in,
Indian Institute of Technology Indore,asia,in,
Central Food Technological Research Institute,asia,in,
Charité - Universitätsmedizin Berlin,europe,de,
Government of India,asia,in,
Indian Institute of Technology Hyderabad,asia,in,
Central Michigan University,northamerica,us,
University of Tennessee Health Science Center,northamerica,us,
Plextek (United Kingdom),europe,gb,
University Hospitals of Cleveland,northamerica,us,
King's College Hospital,europe,gb,
Sheffield Hallam University,europe,gb,
Université de Bordeaux,europe,fr,
Plateforme Technologique d'Innovation Biomédicale,europe,fr,
St. Hedwig-Krankenhaus,europe,de,
Centre Hospitalier Sainte-Anne,europe,fr,
Orygen Youth Health,australasia,au,
Clinical Solutions,northamerica,us,
Gatsby Computational Neuroscience Unit,europe,gb,
RIKEN Center for Advanced Intelligence Project,asia,jp,
Advanced Telecommunications Research Institute International,asia,jp,
University of Fribourg,europe,ch,
Franklin & Marshall College,northamerica,us,
MRC London Institute of Medical Sciences,europe,gb,
Buck Institute for Research on Aging,northamerica,us,
Universitätsklinikum Erlangen,europe,de,
Université de Versailles Saint-Quentin-en-Yvelines,europe,fr,
Vlaams Instituut voor Biotechnologie,europe,be,
Hospital Italiano de Buenos Aires,southamerica,ar,
Universiti Malaysia Terengganu,asia,my,
Rhine-Waal University of Applied Sciences,europe,de,
Istituto Ortopedico Galeazzi,europe,it,
Western Health,australasia,au,
Instituto Nacional de Pesquisas da Amazônia,southamerica,br,
Australian Institute of Tropical Health and Medicine,australasia,au,
Federal Institute of São Paulo,southamerica,br,
Sechenov University,europe,ru,
HUN-REN Institute of Experimental Medicine,europe,hu,
Lunenfeld-Tanenbaum Research Institute,northamerica,ca,
Institut de Biologie de l'École Normale Supérieure,europe,fr,
Medical College of Wisconsin,northamerica,us,
Fondazione Santa Lucia,europe,it,
Friedrich Miescher Institute,europe,ch,
Plan International,northamerica,us,
Nelson Mandela University,africa,za,
Weill Cornell Medical College in Qatar,asia,qa,
La Jolla Institute for Immunology,northamerica,us,
"InLife Institute of Animal Reproduction and Food Research, Polish Academy of Sciences",europe,pl,
German Center for Neurodegenerative Diseases,europe,de,
Knoxville College,northamerica,us,
University of Trieste,europe,it,
University of Santo Tomas,asia,ph,
University of Applied Sciences and Arts Hildesheim/Holzminden/Göttingen,europe,de,
Helios Kliniken,europe,de,
Martin Luther University Halle-Wittenberg,europe,de,
New Generation University College,africa,et,
University of Washington Tacoma,northamerica,us,
Institut Pasteur,europe,fr,
Cairo University,africa,eg,
Korean College of Helicobacter and Upper Gastrointestinal Research,asia,kr,
Tehran University of Medical Sciences,asia,ir,
Shahroud University of Medical Sciences,asia,ir,
Institut Català de Nanociència i Nanotecnologia,europe,es,
Royal Adelaide Hospital,australasia,au,
Zhejiang University-University of Edinburgh Institute,asia,cn,
University of Mons,europe,be,
University of Pavia,europe,it,
American University,northamerica,us,
Chinese Culture University,asia,tw,
I-Shou University,asia,tw,
Mehran University of Engineering and Technology,asia,pk,
Shanghai University of Sport,asia,cn,
UK Dementia Research Institute,europe,gb,
Universitätsklinik Balgrist,europe,ch,
National Health and Medical Research Council,australasia,au,
National Heart Foundation of Australia,australasia,au,
Australian Government,australasia,au,
Australian Childhood Foundation,australasia,au,
NSW Department of Education,australasia,au,
Australian Commission on Safety and Quality in Health Care,australasia,au,
The Kids Research Institute Australia,australasia,au,
Children's Hospital of Eastern Ontario,northamerica,ca,
University of Warsaw,europe,pl,
Manchester Academic Health Science Centre,europe,gb,
Leibniz Institute for Solid State and Materials Research,europe,de,
University of Insubria,europe,it,
Nebraska Medical Center,northamerica,us,
Universidade do Estado do Rio de Janeiro,southamerica,br,
AgroParisTech,europe,fr,
Associação de Assistência à Criança Deficiente,southamerica,br,
IT&D Informação Tecnologia e Desenvolvimento (Brazil),southamerica,br,
Fraunhofer Institute for Cognitive Systems,europe,de,
Changchun University of Chinese Medicine,asia,cn,
Singapore-MIT Alliance for Research and Technology,asia,sg,
Flatiron Health (United States),northamerica,us,
Simons Foundation,northamerica,us,
Max Planck Institute for Astronomy,europe,de,
Northern Kentucky University,northamerica,us,
Salisbury University,northamerica,us,
University of Concepción,southamerica,cl,
Universidad de La Laguna,europe,es,
Space Research Organisation Netherlands,europe,nl,
Tomsk State Pedagogical University,europe,ru,
Space Telescope Science Institute,northamerica,us,
Miller College,northamerica,us,
Kavli Institute for the Physics and Mathematics of the Universe,asia,jp,
The Netherlands Cancer Institute,europe,nl,
Shanghai Micro Satellite Engineering Center,asia,cn,
Max Planck Institute for Astrophysics,europe,de,
Heidelberg Institute for Theoretical Studies,europe,de,
Presidency University,asia,in,
"Istituto Nazionale di Fisica Nucleare, Laboratori Nazionali di Frascati",europe,it,
Kavli Institute for Particle Astrophysics and Cosmology,northamerica,us,
Ilia State University,asia,ge,
Joint Space Science Institute,northamerica,us,
Haverford College,northamerica,us,
Vassar College,northamerica,us,
Astronomical Institute of the Slovak Academy of Sciences,europe,sk,
Max Planck Institute for Extraterrestrial Physics,europe,de,
National Radio Astronomy Observatory,northamerica,us,
Lafayette College,northamerica,us,
Hillsdale College,northamerica,us,
Infinia ML (United States),northamerica,us,
Eötvös Loránd University,europe,hu,
Max Planck Institute for Radio Astronomy,europe,de,
Tartu Observatory,europe,ee,
Kagoshima University,asia,jp,
NASA Astrobiology Institute,northamerica,us,
Johnson Space Center,northamerica,us,
Cadi Ayyad University,africa,ma,
South African Radio Astronomy Observatory,africa,za,
Southwest Research Institute,northamerica,us,
Universities Space Research Association,northamerica,us,
Carleton College,northamerica,us,
"Istituto Nazionale di Fisica Nucleare, Sezione di Bari",europe,it,
Jacobs (United States),northamerica,us,
"Istituto Nazionale di Fisica Nucleare, Laboratori Nazionali del Gran Sasso",europe,it,
Pontificia Universidad Católica de Valparaíso,southamerica,cl,
Hobart and William Smith Colleges,northamerica,us,
African Institute for Mathematical Sciences,africa,za,
Royal Swedish Academy of Sciences,europe,se,
Australian Astronomical Observatory,australasia,au,
University of Hawaii System,northamerica,us,
Large Synoptic Survey Telescope Corporation,northamerica,us,
Manly Hospital,australasia,au,
Centre for Theoretical Physics and Astrophysics,asia,uz,
Northeast Radio Observatory Corporation,northamerica,us,
"Institute of Astronomy and Astrophysics, Academia Sinica",asia,tw,
Subaru (Japan),asia,jp,
Excellence Cluster Universe,europe,de,
Delta Institute for Theoretical Physics,europe,nl,
"Istituto Nazionale di Fisica Nucleare, Sezione di Roma I",europe,it,
"Istituto Nazionale di Fisica Nucleare, Sezione di Padova",europe,it,
Carnegie Institution for Science,northamerica,us,
University of La Serena,southamerica,cl,
Netherlands Institute for Radio Astronomy,europe,nl,
Université d'Orléans,europe,fr,
National Astronomical Observatories,asia,cn,
Lishui University,asia,cn,
National Time Service Center,asia,cn,
Shanghai Astronomical Observatory,asia,cn,
Hellenic Open University,europe,gr,
Carnegie Observatories,northamerica,us,
Millennium Institute of Astrophysics,southamerica,cl,
Royal Observatory,europe,gb,
Osservatorio astronomico di Bologna,europe,it,
Las Cumbres Observatory Global Telescope Network,northamerica,us,
Institut de Radioastronomie Millimétrique,europe,fr,
Florida Museum of Natural History,northamerica,us,
"California State University, Fullerton",northamerica,us,
Tata Institute of Fundamental Research,asia,in,
Max Planck Institute for Gravitational Physics,europe,de,
Institut d'Estudis Espacials de Catalunya,europe,es,
Atacama Large Millimeter Submillimeter Array,southamerica,cl,
"University of Nevada, Las Vegas",northamerica,us,
Wesleyan University,northamerica,us,
"California State University, Northridge",northamerica,us,
Andrews University,northamerica,us,
Osservatorio Astronomico di Padova,europe,it,
Scuola Internazionale Superiore di Studi Avanzati,europe,it,
Royal Observatory of Belgium,europe,be,
Observatori de l'Ebre,europe,es,
"Czech Academy of Sciences, Institute of Atmospheric Physics",europe,cz,
Institute of Terrestrial Magnetism Ionosphere and Radio Wave Propagation,europe,ru,
Lowell Digisonde International (United States),northamerica,us,
Inter-University Centre for Astronomy and Astrophysics,asia,in,
Swarthmore College,northamerica,us,
Institute of Theoretical Physics,asia,cn,
Institute of Astronomy,europe,ru,
European Southern Observatory,europe,de,
Tennessee State University,northamerica,us,
European Space Astronomy Centre,europe,es,
Joint Institute for Nuclear Astrophysics,northamerica,us,
Leibniz Institute for Astrophysics Potsdam,europe,de,
National Institute for Subatomic Physics,europe,nl,
Fermi National Accelerator Laboratory,northamerica,us,
Universitätsmedizin Göttingen,europe,de,
Universidad de Salamanca,europe,es,
TRIUMF,northamerica,ca,
Trottier Space Institute at McGill,northamerica,ca,
University of Amsterdam,europe,nl,
"SKA Telescope, South Africa",africa,za,
Arecibo Observatory,northamerica,pr,
Institute for Space Astrophysics and Planetology,europe,it,
DTU Space,world,,
Centro de Astrobiología,europe,es,
Moscow Institute of Physics and Technology,europe,ru,
National Institute for Astrophysics,europe,it,
Space Research Institute,europe,ru,
Gordon and Betty Moore Foundation,northamerica,us,
University of Ioannina,europe,gr,
UK Astronomy Technology Centre,europe,gb,
ARC Centre of Excellence for Gravitational Wave Discovery,australasia,au,
Herzberg Institute of Astrophysics,northamerica,ca,
Joint Institute for VLBI ERIC,europe,nl,
The Abdus Salam International Centre for Theoretical Physics (ICTP),europe,it,
Kitt Peak National Observatory,northamerica,us,
Astronomical Observatory of Rome,europe,it,
Akademie (Czechia),europe,cz,
Florida Atlantic University,northamerica,us,
Iwate University,asia,jp,
Purple Mountain Observatory,asia,cn,
Korea Astronomy and Space Science Institute,asia,kr,
Arcetri Astrophysical Observatory,europe,it,
Istituto di Radioastronomia di Bologna,europe,it,
Nicolaus Copernicus University,europe,pl,
Kunming Institute of Zoology,asia,cn,
Canadian Institute for Theoretical Astrophysics,northamerica,ca,
ASTRO-3D,australasia,au,
Harvard University Press,northamerica,us,
Colby College,northamerica,us,
Texas Christian University,northamerica,us,
UC Irvine Health,northamerica,us,
Charotar University of Science and Technology,asia,in,
Ahmedabad University,asia,in,
State University of Tetova,europe,mk,
Osservatorio Astrofisico di Torino,europe,it,
Universidade Federal de Minas Gerais,southamerica,br,
Johannes Gutenberg University Mainz,europe,de,
University of Hawaiʻi at Mānoa,northamerica,us,
Lowell Observatory,northamerica,us,
Universitat de Barcelona,europe,es,
Center for Theoretical Physics,europe,pl,
Astronomical Observatory of Capodimonte,europe,it,
Scientific Solutions (United States),northamerica,us,
Institute of Space Sciences,europe,es,
University of Puerto Rico at Arecibo,northamerica,pr,
Australian Academy of Science,australasia,au,
University of Wisconsin System,northamerica,us,
GSI Helmholtz Centre for Heavy Ion Research,europe,de,
European Organization for Nuclear Research,europe,ch,
Swiss Institute of Comparative Law,europe,ch,
Osservatorio di Astrofisica e Scienza dello Spazio,world,,
Nicolaus Copernicus Astronomical Center,europe,pl,
University of Wrocław,europe,pl,
Monterey Institute for Research in Astronomy,northamerica,us,
Centro de Estudios de Física del Cosmos de Aragón,europe,es,
National Observatory,southamerica,br,
Indian Institute of Astrophysics,asia,in,
Vancouver Coastal Health,northamerica,ca,
Instituto de Física de Cantabria,europe,es,
Universidad Diego Portales,southamerica,cl,
FHNW University of Applied Sciences and Arts Northwestern Switzerland,europe,ch,
Australia Telescope National Facility,australasia,au,
Trieste Astronomical Observatory,europe,it,
Brera Astronomical Observatory,europe,it,
Laboratoire de Planétologie et Géosciences,europe,fr,
Dublin Institute For Advanced Studies,europe,ie,
North-West University,africa,za,
Centre for High Performance Computing,africa,za,
Hearst (United States),northamerica,us,
University of Wisconsin–Eau Claire,northamerica,us,
Millenium Nucleus for Planet Formation,southamerica,cl,
Universidad Autónoma del Estado de Morelos,northamerica,mx,
Institute for Nuclear Research,europe,ru,
Infineon Technologies (Austria),europe,at,
Taiwan Semiconductor Manufacturing Company (Taiwan),asia,tw,
Transphorm (United States),northamerica,us,
Institute of Modern Physics,asia,cn,
Ferdinand-Braun-Institut,europe,de,
Data Storage Institute,asia,sg,
International Centre for Theoretical Sciences,asia,in,
Max Planck Institute for the Physics of Complex Systems,europe,de,
NIST Center for Neutron Research,northamerica,us,
Sogang University,asia,kr,
University of Augsburg,europe,de,
Institut Laue-Langevin,europe,fr,
Aoyama Gakuin University,asia,jp,
Academy of Sciences of Moldova,europe,md,
Mellanox Technologies (United States),northamerica,us,
Institut d'électronique de microélectronique et de nanotechnologie,europe,fr,
Indian Institute of Science Education and Research Mohali,asia,in,
Universidad del Norte,southamerica,co,
Institute for Microelectronics and Microsystems,europe,it,
STMicroelectronics (Italy),europe,it,
Royal Holloway University of London,europe,gb,
CY Cergy Paris Université,europe,fr,
Brandeis University,northamerica,us,
Meiji University,asia,jp,
Razi University,asia,ir,
Max Planck Institute of Microstructure Physics,europe,de,
Institute of Structure of Matter,europe,it,
Shenzhen Bay Laboratory,asia,cn,
Korea Foundation for Max Planck POSTECH,asia,kr,
Max Planck Institute for Terrestrial Microbiology,europe,de,
Delta Air Lines (United States),northamerica,us,
Jena University Hospital,europe,de,
Max Planck Institute for Dynamics and Self-Organization,europe,de,
The Catholic University of Korea Seoul St. Mary's Hospital,asia,kr,
Regroupement Québécois sur les Matériaux de Pointe,northamerica,ca,
Comprehensive Research Organization for Science and Society,asia,jp,
Akebono (Japan),asia,jp,
Max Planck Institute for Chemical Physics of Solids,europe,de,
Collaborative Innovation Center of Quantum Matter,asia,cn,
Stuttgart Observatory,europe,de,
Wake Forest University,northamerica,us,
Loewe Center for Synthetic Microbiology,europe,de,
China Institute of Atomic Energy,asia,cn,
MIT-Harvard Center for Ultracold Atoms,northamerica,us,
Leibniz Institute of Polymer Research,europe,de,
Max Planck Institute for the Structure and Dynamics of Matter,europe,de,
TIFR Centre for Interdisciplinary Sciences,asia,in,
Barcelona Institute of Science and Technology,europe,es,
"Biomedical Research Networking Center in Bioengineering, Biomaterials and Nanomedicine",europe,es,
Saarland University,europe,de,
Toyoda Gosei (Japan),asia,jp,
Max Planck Institute of Quantum Optics,europe,de,
South China Normal University,asia,cn,
Crystal Research (United States),northamerica,us,
Northwest Vista College,northamerica,us,
Technical University of Košice,europe,sk,
Institute of Zoology,asia,kz,
Pázmány Péter Catholic University,europe,hu,
Santa Clara University,northamerica,us,
Shatin Hospital,asia,cn,
High Magnetic Field Laboratory,asia,cn,
Institute of High Energy Physics,asia,cn,
Simons Center for Geometry and Physics,northamerica,us,
GeneticaLens (United States),northamerica,us,
Myongji University,asia,kr,
Anhui University,asia,cn,
Bunkyo University,asia,jp,
Autodesk (United States),northamerica,us,
Rome International Center for Materials Science,europe,it,
Elettra-Sincrotrone Trieste S.C.p.A.,europe,it,
Deutsches Elektronen-Synchrotron DESY,europe,de,
William & Mary,northamerica,us,
Munich Center for Quantum Science and Technology,europe,de,
Mitsubishi Electric (Japan),asia,jp,
Tokyo International University,asia,jp,
Teledyne Technologies (United States),northamerica,us,
Collège de France,europe,fr,
Biotechnologisches Zentrum,europe,de,
California Polytechnic State University,northamerica,us,
Heinrich Heine University Düsseldorf,europe,de,
University of Puerto Rico-Mayaguez,northamerica,pr,
Kurchatov Institute,europe,ru,
Université Côte d'Azur,europe,fr,
Istituto di Nanotecnologia,europe,it,
National High Magnetic Field Laboratory,northamerica,us,
Max Planck Institute for Biophysical Chemistry,europe,de,
Karunya University,asia,in,
Physics of Life,europe,de,
Nanjing Drum Tower Hospital,asia,cn,
Qingdao Agricultural University,asia,cn,
"Laboratoire Pluridisciplinaire de Recherche en Ingénierie des Systèmes, Mécanique et Energétique",europe,fr,
San’an Optoelectronics (China),asia,cn,
Kyoto Sangyo University,asia,jp,
Ingenierie des Materiaux polymeres,europe,fr,
Shanghai Medical College of Fudan University,asia,cn,
Russian Orthodox Institute Sacred Ioann Bogolslov,europe,ru,
Joint Institute for High Temperatures,europe,ru,
Boston Fusion (United States),northamerica,us,
P.N. Lebedev Physical Institute of the Russian Academy of Sciences,europe,ru,
Russian Academy of Sciences,europe,ru,
Ege University,asia,tr,
International Iberian Nanotechnology Laboratory,europe,pt,
Scientific Computing & Modelling (Netherlands),europe,nl,
Loyola University Chicago,northamerica,us,
National Institutes of Natural Sciences,asia,jp,
Istituto Nazionale di Fisica Nucleare,europe,it,
Perimeter Institute,northamerica,ca,
"Istituto Nazionale di Fisica Nucleare, Sezione di Milano",europe,it,
"Istituto Nazionale di Fisica Nucleare, Sezione di Torino",europe,it,
AWE Nuclear Security Technologies,europe,gb,
Centre for Quantum Technologies,asia,sg,
University of Aizu,asia,jp,
Campus France,europe,fr,
"Institute of Nuclear Physics, Polish Academy of Sciences",europe,pl,
Max Planck Institute for Nuclear Physics,europe,de,
"Istituto Nazionale di Fisica Nucleare, Sezione di Bologna",europe,it,
Keldysh Institute of Applied Mathematics,europe,ru,
FZU ‒ Institute of Physics of the Academy of Sciences of the Czech Republic,europe,cz,
Energetics (United States),northamerica,us,
Thomas Jefferson National Accelerator Facility,northamerica,us,
University of Wuppertal,europe,de,
Max Planck Institute for Biogeochemistry,europe,de,
HUN-REN Institute for Nuclear Research,europe,hu,
Instituto de Física Teórica,europe,es,
École Normale Supérieure - PSL,europe,fr,
Wayne State University,northamerica,us,
San Francisco State University,northamerica,us,
Xinjiang University,asia,cn,
Kennesaw State University,northamerica,us,
Universidad de Medellín,southamerica,co,
Southwestern Institute of Physics,asia,cn,
University of Sarajevo,europe,ba,
Bielefeld University,europe,de,
Institute of Mathematical Sciences,asia,in,
Barry University,northamerica,us,
Parc Científic de la Universitat de València,europe,es,
Conservatoire National des Arts et Métiers,europe,fr,
Fusion (United States),northamerica,us,
Bulgarian Academy of Sciences,europe,bg,
National Centre for Nuclear Research,europe,pl,
Universidad de Costa Rica,northamerica,cr,
Danish Nature Agency,europe,dk,
"Istituto Nazionale di Fisica Nucleare, Sezione di Milano Bicocca",europe,it,
Universidad Antonio Nariño,southamerica,co,
National Institute of Chemical Physics and Biophysics,europe,ee,
Helsinki Institute of Physics,europe,fi,
University of Jyväskylä,europe,fi,
Atlas Copco (Germany),europe,de,
Colgate University,northamerica,us,
West Texas A&M University,northamerica,us,
Siena College,northamerica,us,
Washington and Jefferson College,northamerica,us,
Instituto de Astrofísica de Andalucía,europe,es,
Union College,northamerica,us,
Valparaiso University,northamerica,us,
St. Lawrence University,northamerica,us,
University of Lynchburg,northamerica,us,
Hartwick College,northamerica,us,
Joint Institute for Nuclear Research,europe,ru,
National Superconducting Cyclotron Laboratory,northamerica,us,
CMR University,asia,in,
University of Canterbury,australasia,nz,
University of Graz,europe,at,
A. Alikhanyan National Laboratory,asia,am,
Royal Children's Hospital,australasia,au,
"Istituto Nazionale di Fisica Nucleare, Sezione di Napoli",europe,it,
Max Planck Institute for Physics,europe,de,
Gran Sasso Science Institute,europe,it,
Quantum Devices (United States),northamerica,us,
National Research Nuclear University MEPhI,europe,ru,
Helmholtz Institute Jena,europe,de,
Nippon Soken (Japan),asia,jp,
Helmholtz-Zentrum Dresden-Rossendorf,europe,de,
Massey University,australasia,nz,
Bowdoin College,northamerica,us,
General Atomics (United States),northamerica,us,
Princeton Plasma Physics Laboratory,northamerica,us,
Hope College,northamerica,us,
Institute of Plasma Physics,asia,cn,
Oxford Research Group,europe,gb,
Schott (Germany),europe,de,
Jülich Aachen Research Alliance,europe,de,
QuTech,europe,nl,
Element Six (United Kingdom),europe,gb,
University of Crete,europe,gr,
Institute of Applied Physics and Computational Mathematics,asia,cn,
Czech Academy of Sciences,europe,cz,
Center for Theoretical Biological Physics,northamerica,us,
Research Institute of Precision Instruments (Russia),europe,ru,
China Electronics Technology Group Corporation,asia,cn,
"Queens College, CUNY",northamerica,us,
HealthPartners,northamerica,us,
Nathan Kline Institute for Psychiatric Research,northamerica,us,
University of Applied Sciences Mainz,europe,de,
Quantum Science and Technology in Arcetri,europe,it,
Hitachi (United Kingdom),europe,gb,
University of Electro-Communications,asia,jp,
QuSpin (United States),northamerica,us,
Wellcome Centre for Human Neuroimaging,europe,gb,
"Sofia University ""St. Kliment Ohridski""",europe,bg,
Bryn Mawr College,northamerica,us,
Institute for High Energy Physics,europe,es,
Johannes Kepler University of Linz,europe,at,
Indiana University – Purdue University Indianapolis,northamerica,us,
Institut National de la Recherche Scientifique,northamerica,ca,
National Physical Laboratory,europe,gb,
Instituto Nacional de Matemática Pura e Aplicada,southamerica,br,
ALBA Synchrotron (Spain),europe,es,
Sumitomo Electric Industries (Japan),asia,jp,
National Research University Higher School of Economics,europe,ru,
Aurrion (United States),northamerica,us,
Microsoft (Netherlands),europe,nl,
Walloon Excellence in Lifesciences and Biotechnology,europe,be,
Kanazawa University,asia,jp,
Instituto de Ciencia de Materiales de Madrid,europe,es,
Institute of High Performance Computing,asia,sg,
Tokyo University of Foreign Studies,asia,jp,
Max-Born-Institute for Nonlinear Optics and Short Pulse Spectroscopy,europe,de,
Oakland University,northamerica,us,
NEC (Japan),asia,jp,
DSO National Laboratories,asia,sg,
Hong Kong Baptist University,asia,hk,
Braude College of Engineering Karmiel,asia,il,
Tieto (Finland),europe,fi,
Beijing Academy of Quantum Information Sciences,asia,cn,
Foxconn (China),asia,cn,
Beijing Computational Science Research Center,asia,cn,
Japan External Trade Organization,asia,jp,
Joint Quantum Institute,northamerica,us,
Nanosystems Initiative Munich,europe,de,
Chiba University,asia,jp,
Harbin University of Science and Technology,asia,cn,
"Institute of Physics, Academia Sinica",asia,tw,
Niels Brock,europe,dk,
National Institute of Optics,europe,it,
Centre for Ultrahigh Bandwidth Devices for Optical Systems,australasia,au,
Osaka Research Institute of Industrial Science and Technology,asia,jp,
The Dodd-Walls Centre for Photonic and Quantum Technologies,australasia,nz,
Superconducting and other Innovative Materials and Devices Institute,europe,it,
RTX (United States),northamerica,us,
"Czech Academy of Sciences, Institute of Organic Chemistry and Biochemistry",europe,cz,
Physical Sciences (United States),northamerica,us,
Kaiser Foundation Hospital,northamerica,us,
Korea Research Institute of Standards and Science,asia,kr,
State Key Laboratory of Tribology,world,,
Istituto di Fotonica e Nanotecnologie,europe,it,
Tribhuvan University,asia,np,
OEwaves (United States),northamerica,us,
Fujikura (Japan),asia,jp,
Jikei University School of Medicine,asia,jp,
Fermion (Finland),europe,fi,
Center for Integrated Quantum Science and Technology,europe,de,
Applied Mathematics (United States),northamerica,us,
Bellevue Hospital Center,northamerica,us,
University of Washington Applied Physics Laboratory,northamerica,us,
Albert Einstein College of Medicine,northamerica,us,
University of Cuenca,southamerica,ec,
Islamic Azad University Kashmar Branch,asia,ir,
Universidad de Los Andes,southamerica,co,
Institute for Disease Modeling,northamerica,us,
SCImago Research Group,world,,
Central European University,europe,at,
Centre d'Imagerie BioMedicale,europe,ch,
University of Gdańsk,europe,pl,
"City, University of London",europe,gb,
"Laboratoire Matériaux Optiques, Photonique et Systèmes",europe,fr,
Bangor University,europe,gb,
University of Illinois System,northamerica,us,
Living Systems (United States),northamerica,us,
Hangzhou Normal University,asia,cn,
St. Mark's School of Texas,northamerica,us,
SUNY Downstate Health Sciences University,northamerica,us,
Ruđer Bošković Institute,europe,hr,
University of Rijeka,europe,hr,
Local Initiatives Support Corporation,northamerica,us,
Constructor University,europe,de,
Swedish e-Science Research Centre,europe,se,
University of Colorado System,northamerica,us,
Southwestern University of Finance and Economics,asia,cn,
De Montfort University,europe,gb,
Indian Statistical Institute,asia,in,
Shanghai Normal University,asia,cn,
Scuola Normale Superiore,europe,it,
Information Technology University,asia,pk,
Al Yamamah University,asia,sa,
Ansys (United States),northamerica,us,
Chinese People's Liberation Army,asia,cn,
Institut Català de Paleoecologia Humana i Evolució Social,europe,es,
"Istituto di Scienza e Tecnologie dell'Informazione ""Alessandro Faedo""",europe,it,
Vidyasagar University,asia,in,
Deutsche Bank (United Kingdom),europe,gb,
Max Planck Institute for Human Development,europe,de,
École Normale Supérieure de Lyon,europe,fr,
Multimedia University,asia,my,
Elizade University,africa,ng,
V. A. Trapeznikov Institute of Control Sciences,europe,ru,
Universidad de Jaén,europe,es,
Universidade Federal do ABC,southamerica,br,
Centro Brasileiro de Pesquisas Físicas,southamerica,br,
LinkedIn (United States),northamerica,us,
Instituto Tecnológico de Buenos Aires (ITBA),southamerica,ar,
"Istituto Nazionale di Fisica Nucleare, Sezione di Pavia",europe,it,
Benemérita Universidad Autónoma de Puebla,northamerica,mx,
Yeshiva University,northamerica,us,
Changzhou University,asia,cn,
Istituto Nanoscienze,europe,it,
"Istituto Nazionale di Fisica Nucleare, Sezione di Firenze",europe,it,
North University of China,asia,cn,
Ochanomizu University,asia,jp,
Northwest University,asia,cn,
International Institute of Information Technology,asia,in,
Shunde Polytechnic,asia,cn,
Centre for Human Genetics,europe,gb,
Würth Elektronik (Germany),europe,de,
Mitchell College,northamerica,us,
Institute of Mathematics,asia,vn,
Philips (United States),northamerica,us,
New York Life Insurance Company (United States),northamerica,us,
Institute of Informatics of the Slovak Academy of Sciences,europe,sk,
LaVision (Germany),europe,de,
Institute for Physics of Microstructures,europe,ru,
Wisconsin Institutes for Discovery,northamerica,us,
Amol University of Special Modern Technologies,asia,ir,
United Technologies Corporation (Poland),europe,pl,
Treatment Action Group,northamerica,us,
Pew Research Center,northamerica,us,
Franche-Comté Électronique Mécanique Thermique et Optique - Sciences et Technologies,europe,fr,
"Laboratoire de Physique des Lasers, Atomes et Molécules",europe,fr,
Nvidia (United States),northamerica,us,
University of Mary Washington,northamerica,us,
Vaughn College of Aeronautics and Technology,northamerica,us,
Indraprastha Institute of Information Technology Delhi,asia,in,
IBM Research - India,asia,in,
Australian Catholic University,australasia,au,
Gakushuin University,asia,jp,
Courant Institute of Mathematical Sciences,northamerica,us,
ARC Centre of Excellence for All-sky Astrophysics,australasia,au,
American Astronomical Society,northamerica,us,
Instituto de Microelectrónica de Sevilla,europe,es,
Tongji Hospital,asia,cn,
Central Hospital of Wuhan,asia,cn,
China-Japan Friendship Hospital,asia,cn,
Shenzhen Institutes of Advanced Technology,asia,cn,
Balıkesir University,asia,tr,
Shanghai Third People's Hospital,asia,cn,
Alzheimer's Association,northamerica,us,
The Royal Melbourne Hospital,australasia,au,
Goa Medical College,asia,in,
University College London Hospitals NHS Foundation Trust,europe,gb,
Kaiser Permanente Washington Health Research Institute,northamerica,us,
"University College Hospital, Ibadan",africa,ng,
Barnet Enfield and Haringey Mental Health Trust,europe,gb,
Oslo University Hospital,europe,no,
The Ohio State University Comprehensive Cancer Center – Arthur G. James Cancer Hospital and Richard J. Solove Research Institute,northamerica,us,
International Diabetes Federation,europe,be,
Deutsches Diabetes-Zentrum e.V.,europe,de,
Baqai Medical University,asia,pk,
Université de Yaoundé I,africa,cm,
Centers for Disease Control and Prevention,northamerica,us,
India Diabetes Research Foundation,asia,in,
VA Puget Sound Health Care System,northamerica,us,
National Institute for Health and Care Research,europe,gb,
Biologie cellulaire et Cancer,europe,fr,
The University of Texas MD Anderson Cancer Center,northamerica,us,
Universidade Federal de Pelotas,southamerica,br,
United Nations Children's Fund,northamerica,us,
University Hospital Coventry,europe,gb,
The George Institute for Global Health,europe,gb,
University Medical Center Groningen,europe,nl,
Helmholtz Munich,europe,de,
The Wistar Institute,northamerica,us,
Ono Pharmaceutical (United States),northamerica,us,
Flagship Pioneering (United States),northamerica,us,
The University of Texas at San Antonio Health Science Center,northamerica,us,
California Institute for Regenerative Medicine,northamerica,us,
Novo Nordisk (Denmark),europe,dk,
National Institutes for Food and Drug Control,asia,cn,
Indiana University School of Medicine,world,,
Inova Fairfax Hospital,northamerica,us,
Pinnacle Clinical Research,northamerica,us,
Truman State University,northamerica,us,
Wm. Jennings Bryan Dorn VA Medical Center,northamerica,us,
Research Medical Center,northamerica,us,
Hospital Israelita Albert Einstein,southamerica,br,
Houston Methodist,northamerica,us,
Mayo Clinic Hospital,northamerica,us,
Carol Davila University of Medicine and Pharmacy,europe,ro,
Motilal Nehru National Institute of Technology,asia,in,
University of Greenwich,europe,gb,
Icahn School of Medicine at Mount Sinai,northamerica,us,
White Plains Hospital,northamerica,us,
University of Tokyo Hospital,asia,jp,
Institute of Molecular Medicine,asia,in,
Royal North Shore Hospital,australasia,au,
Sri Venkateswara University,asia,in,
Savannah State University,northamerica,us,
Institut Gustave Roussy,europe,fr,
Hadassah Medical Center,asia,il,
Roswell Park Comprehensive Cancer Center,northamerica,us,
Sidney Kimmel Comprehensive Cancer Center,northamerica,us,
Cancer Prevention Institute of California,northamerica,us,
Mylan (Switzerland),europe,ch,
Hospital Universitario 12 De Octubre,europe,es,
Westmead Hospital,australasia,au,
Aarhus University Hospital,europe,dk,
Cancer Institute (WIA),asia,in,
Chiba Cancer Center,asia,jp,
Niigata University of Management,asia,jp,
Beneficência Portuguesa de São Paulo,southamerica,br,
BC Cancer Agency,northamerica,ca,
Royal Marsden Hospital,europe,gb,
Hôpital Saint-André,europe,fr,
Bristol-Myers Squibb (Belgium),europe,be,
Assistance Publique – Hôpitaux de Paris,europe,fr,
Hôpital Saint-Louis,europe,fr,
National Hospital Organization,asia,jp,
Hospital de Sant Pau,europe,es,
National Taiwan University Hospital,asia,tw,
Erasmus MC,europe,nl,
Sheba Medical Center,asia,il,
Mater Hospital,europe,gb,
Target (United States),northamerica,us,
Hôpital de la Timone,europe,fr,
Centre Hospitalier Universitaire de Lille,europe,fr,
Royal Prince Alfred Hospital,australasia,au,
Universitair Ziekenhuis Brussel,europe,be,
Angeles Clinic and Research Institute,northamerica,us,
"Merck & Co., Inc., Rahway, NJ, USA (United States)",northamerica,us,
Enveda Therapeutics (United States),northamerica,us,
International Bar Association,europe,gb,
Teagasc - The Irish Agriculture and Food Development Authority,europe,ie,
National Cancer Center,northamerica,us,
Shikoku Cancer Center,asia,jp,
Mahidol University,asia,th,
Kansai Medical University,asia,jp,
Jilin Province Tumor Hospital,asia,cn,
Gachon University Gil Medical Center,asia,kr,
Sarawak General Hospital,asia,my,
Moffitt Cancer Center,northamerica,us,
Cancer Research UK,europe,gb,
AstraZeneca (United Kingdom),europe,gb,
New York Genome Center,northamerica,us,
Mahatma Gandhi Mission Institute of Health Sciences,asia,in,
Navarre Institute of Health Research,europe,es,
Sichuan Agricultural University,asia,cn,
Amsterdam University Medical Centers,europe,nl,
VIB-KU Leuven Center for Brain & Disease Research,europe,be,
University of Eastern Finland,europe,fi,
Lou Ruvo Brain Institute,northamerica,us,
Amsterdam UMC Location University of Amsterdam,europe,nl,
Infectious Disease Research Institute,northamerica,us,
State Key Laboratory of Respiratory Disease,asia,cn,
ManRos Therapeutics (France),europe,fr,
Laboratoire de Biodiversité et Biotechnologies Microbiennes,europe,fr,
Hôpital Maison Blanche,europe,fr,
Fondation FondaMental,europe,fr,
National Institute of Dental and Craniofacial Research,northamerica,us,
Centre for Inflammation Research,europe,gb,
Université de Poitiers,europe,fr,
MNM Consulting (France),europe,fr,
Station Biologique de Roscoff,europe,fr,
Key Laboratory of Guangdong Province,asia,cn,
Statens Serum Institut,europe,dk,
St George’s University Hospitals NHS Foundation Trust,europe,gb,
Alfred Health,australasia,au,
University College Hospital,europe,gb,
Guy's and St Thomas' NHS Foundation Trust,europe,gb,
Bristol City Council,europe,gb,
Southwestern Medical Center,northamerica,us,
Northwestern Medicine,northamerica,us,
UCLA Medical Center,northamerica,us,
Mayo Clinic in Arizona,northamerica,us,
Centre Hospitalier Universitaire de Martinique,northamerica,mq,
Hospital Clínic de Barcelona,europe,es,
Alberta Children's Hospital,northamerica,ca,
Evangelisches Krankenhaus Bielefeld,europe,de,
McMaster Children's Hospital,northamerica,ca,
Medical University of Vienna,europe,at,
Kitasato University,asia,jp,
Innsbruck Medical University,europe,at,
Consorci Institut D'Investigacions Biomediques August Pi I Sunyer,europe,es,
Witten/Herdecke University,europe,de,
University Hospital Schleswig-Holstein,europe,de,
Alaska Native Tribal Health Consortium,northamerica,us,
Philadelphia VA Medical Center,northamerica,us,
Ochsner Medical Center,northamerica,us,
Third Affiliated Hospital of Guangzhou Medical University,asia,cn,
Karolinska University Hospital,europe,se,
Patient-Led Research Collaborative,world,,
Qiqihar Medical University,asia,cn,
Délégation Paris 5,europe,fr,
La Ligue Contre le Cancer,europe,fr,
University of Nebraska Medical Center,northamerica,us,
Bellvitge University Hospital,europe,es,
VA Western New York Healthcare System,northamerica,us,
Augusta-Kranken-Anstalt,europe,de,
Summa Health System,northamerica,us,
National Jewish Health,northamerica,us,
Barnes-Jewish Hospital,northamerica,us,
Portland VA Medical Center,northamerica,us,
UW Health University Hospital,northamerica,us,
Madigan Army Medical Center,northamerica,us,
Brooklyn Hospital Center,northamerica,us,
Butler University,northamerica,us,
German Cancer Research Center,europe,de,
Ospedali Riuniti San Giovanni di Dio e Ruggi d'Aragona,europe,it,
University of Molise,europe,it,
Ospedale Monaldi,europe,it,
Primary Health Care,asia,qa,
German Centre for Cardiovascular Research,europe,de,
Sahlgrenska University Hospital,europe,se,
South Australian Health and Medical Research Institute,australasia,au,
Universitätsklinikum des Saarlandes,europe,de,
European Atherosclerosis Society,europe,se,
MRC University of Glasgow Centre for Virus Research,europe,gb,
Wellcome Sanger Institute,europe,gb,
Moderna Therapeutics (United States),northamerica,us,
UPMC Hillman Cancer Center,northamerica,us,
Clínica Las Condes,southamerica,cl,
81th Hospital of PLA,asia,cn,
Hôpital Lyon Sud,europe,fr,
IRCCS Azienda Ospedliero-Universitaria di Bologna Policlinico di Sant'Orsola,europe,it,
Unified Szent István and Szent László Hospital,europe,hu,
Centre Eugène Marquis,europe,fr,
Russian Cancer Research Center NN Blokhin,europe,ru,
Institut de Neurobiologie de la Méditerranée,europe,fr,
Azienda Ospedaliera Universitaria Pisana,europe,it,
King's College Hospital NHS Foundation Trust,europe,gb,
Tianjin Medical University Cancer Institute and Hospital,asia,cn,
Centre Hospitalier Universitaire de Caen Normandie,europe,fr,
Kindai University,asia,jp,
Bayer (France),europe,fr,
Bayer (Germany),europe,de,
Bayer (United States),northamerica,us,
Xijing Hospital,asia,cn,
Kokilaben Dhirubhai Ambani Hospital,asia,in,
Cincinnati Children's Hospital Medical Center,northamerica,us,
Chan Zuckerberg Initiative (United States),northamerica,us,
Second Affiliated Hospital of Zhengzhou University,asia,cn,
Dr. M.G.R. Educational and Research Institute,asia,in,
Universidad de Las Palmas de Gran Canaria,europe,es,
Universitair Ziekenhuis Leuven,europe,be,
Institute of Neurological Sciences,europe,it,
Federal State Budgetary Institution Russian Scientific Center of Roentgenoradiology,europe,ru,
The Christie NHS Foundation Trust,europe,gb,
Central Clinical Hospital and Polyclinic,europe,ru,
P.A. Hertzen Moscow Oncology Research Institute,europe,ru,
Centre Hospitalier de l’Université de Montréal,northamerica,ca,
Palacký University Olomouc,europe,cz,
Sumy State University,europe,ua,
Ivano-Frankivsk National Medical University,europe,ua,
Dnipro State Medical University,europe,ua,
Hospital de Clínicas de Porto Alegre,southamerica,br,
Wojskowy Instytut Medycyny Lotniczej,europe,pl,
Rocky Mountain Cancer Centers,northamerica,us,
Lyon College,northamerica,us,
Taipei Veterans General Hospital,asia,tw,
Osaka City University Hospital,asia,jp,
Georgetown Lombardi Comprehensive Cancer Center,world,,
German Center for Infection Research,europe,de,
Changchun Discovery Sciences (China),asia,cn,
Berlin Institute of Health at Charité - Universitätsmedizin Berlin,europe,de,
Helmholtz Centre for Infection Research,europe,de,
National Institute of Mental Health and Neurosciences,asia,in,
National Ageing Research Institute,australasia,au,
Hospital Alemão Oswaldo Cruz,southamerica,br,
Makerere University,africa,ug,
Osaka University of Economics,asia,jp,
International Association for the Study of Lung Cancer,northamerica,us,
Ospedale San Luigi Gonzaga,europe,it,
Rush University Medical Center,northamerica,us,
University of Colorado Denver,northamerica,us,
Guangdong General Hospital,asia,cn,
Center for Systems Biology,northamerica,us,
Hope Center for Neurological Disorders,northamerica,us,
Parker Institute for Cancer Immunotherapy,northamerica,us,
American Heart Association,northamerica,us,
University of Lincoln,europe,gb,
Arvinas (United States),northamerica,us,
European Society of Cardiology,europe,fr,
European Respiratory Society,europe,ch,
International Society for Heart and Lung Transplantation,northamerica,us,
European League Against Rheumatism,europe,ch,
European Society of Radiology,europe,at,
University Hospital Southampton NHS Foundation Trust,europe,gb,
Azienda Ospedaliera Universitaria Integrata Verona,europe,it,
Office of the Assistant Secretary for Health,northamerica,us,
Office of Science,northamerica,us,
Turan University,asia,kz,
The Royal Free Hospital,europe,gb,
Children's Hospital of Pittsburgh,northamerica,us,
Morgan Stanley Children's Hospital,northamerica,us,
Hospital Materno-Infantil,europe,es,
Nationwide Children's Hospital,northamerica,us,
Hospital Sant Joan de Déu Barcelona,europe,es,
Women's and Children's Hospital,australasia,au,
National Center For Child Health and Development,asia,jp,
American University of Beirut Medical Center,asia,lb,
Sanjay Gandhi Post Graduate Institute of Medical Sciences,asia,in,
Diabetes Australia,australasia,au,
Penn State Milton S. Hershey Medical Center,northamerica,us,
Shantou University,asia,cn,
St. John's University,northamerica,us,
Weifang Medical University,asia,cn,
Centre Léon Bérard,europe,fr,
Centre Hospitalier Universitaire de Liège,europe,be,
Western General Hospital,europe,gb,
University Hospital Centre Zagreb,europe,hr,
Beatson West of Scotland Cancer Centre,europe,gb,
Karlstad University,europe,se,
HAN University of Applied Sciences,europe,nl,
Xinjiang Medical University,asia,cn,
Chongqing Medical University,asia,cn,
Chongqing Public Health Medical Center,asia,cn,
Birjand University of Medical Sciences,asia,ir,
Asian Institute of Gastroenterology,asia,in,
Berlin Centre of Competence for Water,europe,de,
Sher-e-Bangla Agricultural University,asia,bd,
Bangladesh Agricultural Research Institute,asia,bd,
University of Faisalabad,asia,pk,
Chinese Academy of Agricultural Sciences,asia,cn,
Kagawa University,asia,jp,
Fundação Oswaldo Cruz,southamerica,br,
Nagasaki University,asia,jp,
Institute of Environmental Assessment and Water Research,europe,es,
Hudson Institute of Medical Research,australasia,au,
University of Virginia Health System,northamerica,us,
Oita University,asia,jp,
Hôpitaux Universitaires de Strasbourg,europe,fr,
California Institute for Medical Research,northamerica,us,
University of Minnesota System,northamerica,us,
Walter Reed National Military Medical Center,northamerica,us,
Aalborg University Hospital,europe,dk,
University Hospital of Bern,europe,ch,
European Association for the Study of Diabetes,europe,de,
University of Lucerne,europe,ch,
Universitätsklinikum Gießen und Marburg,europe,de,
University Hospital of Geneva,europe,ch,
Ziekenhuis Gelderse Vallei,europe,nl,
Jagiellonian University,europe,pl,
Mammoth Biosciences (United States),northamerica,us,
California Department of Public Health,northamerica,us,
Mammoth Hospital,northamerica,us,
Children's Hospital of Zhejiang University,asia,cn,
National Centre for the Replacement Refinement and Reduction of Animals in Research,europe,gb,
Taylor and Francis (United Kingdom),world,,
ICF International (United States),northamerica,us,
The Nature Conservancy,northamerica,us,
Public Library of Science,northamerica,us,
Prioris.ai (Canada),northamerica,ca,
Hindawi (United Kingdom),europe,gb,
Medical Research Council,europe,gb,
Janssen (Belgium),europe,be,
Institute of Molecular Biotechnology,europe,at,
First Affiliated Hospital of Guangzhou Medical University,asia,cn,
Tencent (China),asia,cn,
"National Institute of Biological Sciences, Beijing",asia,cn,
GlaxoSmithKline (United Kingdom),europe,gb,
LifeArc,europe,gb,
Lung Institute,northamerica,us,
Sovah Health Martinsville,northamerica,us,
Cancer Research UK Cambridge Center,europe,gb,
Pfizer (United States),northamerica,us,
Syneos Health (United States),northamerica,us,
St Bartholomew's Hospital,europe,gb,
Penn Presbyterian Medical Center,northamerica,us,
National Institute for Viral Disease Control and Prevention,asia,cn,
Shenzhen Third People’s Hospital,asia,cn,
Shanghai Public Health Clinical Center,asia,cn,
Universidade Estadual de Maringá,southamerica,br,
Royal Free London NHS Foundation Trust,europe,gb,
Ollscoil na Gaillimhe – University of Galway,europe,ie,
Al-Quds University,asia,ps,
Centro de Edafología y Biología Aplicada del Segura,europe,es,
Manchester University NHS Foundation Trust,europe,gb,
University Clinic of Pulmonary and Allergic Diseases Golnik,europe,si,
Centre Hospitalier Universitaire de Grenoble,europe,fr,
Aberdeen Royal Infirmary,europe,gb,
LungenClinic Grosshansdorf,europe,de,
Amsterdam UMC Location Vrije Universiteit Amsterdam,europe,nl,
Phoenix VA Health Care System,northamerica,us,
Hunter Medical Research Institute,australasia,au,
HOGENT University of Applied Sciences and Arts,europe,be,
Nuffield Orthopaedic Centre,europe,gb,
Amsterdam Public Health,europe,nl,
University of Sfax,africa,tn,
VA Boston Healthcare System,northamerica,us,
Dana-Farber Cancer Institute,northamerica,us,
Sarah Cannon,northamerica,us,
Hackensack University Medical Center,northamerica,us,
Institut Català d'Oncologia,europe,es,
GNA University,asia,in,
Princess Margaret Cancer Centre,northamerica,ca,
Takeda (United States),northamerica,us,
Banner Sun Health Research Institute,northamerica,us,
United States Food and Drug Administration,northamerica,us,
Michael J. Fox Foundation,northamerica,us,
Novartis (Switzerland),europe,ch,
Denali Therapeutics (United States),northamerica,us,
Lundbeck (Denmark),europe,dk,
Acumen Pharmaceuticals (United States),northamerica,us,
Amsterdam Neuroscience,europe,nl,
King Saud bin Abdulaziz University for Health Sciences,asia,sa,
Constantine the Philosopher University in Nitra,europe,sk,
Slovak University of Technology in Bratislava,europe,sk,
Saint Louis University,northamerica,us,
Yantai University,asia,cn,
Binzhou Medical University,asia,cn,
Center for Disease Analysis,northamerica,us,
Center for Research in Agricultural Genomics,europe,es,
National Institute of Environmental Health Sciences,northamerica,us,
Navy and Marine Corps Force Health Protection Command,northamerica,us,
Mercy Medical Center,northamerica,us,
Newcastle upon Tyne Hospitals NHS Foundation Trust,europe,gb,
Cambridge University Hospitals NHS Foundation Trust,europe,gb,
Chelsea and Westminster Hospital NHS Foundation Trust,europe,gb,
Royal Liverpool and Broadgreen University Hospital NHS Trust,europe,gb,
Pennine Acute Hospitals NHS Trust,europe,gb,
Royal College of Surgeons in Ireland,europe,ie,
St Mark's Hospital,europe,gb,
University Hospitals Bristol NHS Foundation Trust,europe,gb,
Royal Hospital for Children,europe,gb,
Crohn's and Colitis UK,europe,gb,
Glasgow Royal Infirmary,europe,gb,
Queen Elizabeth Hospital Birmingham,europe,gb,
Brighton and Sussex Medical School,europe,gb,
University Hospital of Wales,europe,gb,
Insper,southamerica,br,
Human Technopole,europe,it,
John Innes Centre,europe,gb,
Ube Frontier University,asia,jp,
Beijing Tongren Hospital,asia,cn,
Union Hospital,asia,cn,
Center for Nutrition Policy and Promotion,northamerica,us,
NIHR Birmingham Liver Biomedical Research Unit,europe,gb,
TiFN,europe,nl,
St. Mark's Hospital,northamerica,us,
Vaasa Central Hospital,europe,fi,
Folkhälsans Forskningscentrum,europe,fi,
Millennium Science Initiative,southamerica,cl,
All India Institute of Medical Sciences Bhubaneswar,asia,in,
TUM Klinikum,europe,de,
Rega Institute for Medical Research,europe,be,
Cliniques Universitaires Saint-Luc,europe,be,
Hôpital Orthopédique de la Suisse Romande,europe,ch,
Hôpital Ophtalmique Jules-Gonin,europe,ch,
The University of Texas Medical Branch at Galveston,northamerica,us,
Instituto de Agroquímica y Tecnología de Alimentos,europe,es,
Tokyo University of Agriculture,asia,jp,
Medical University of Warsaw,europe,pl,
Thriasio General Hospital of Elefsina,europe,gr,
Center for Life Sciences,asia,cn,
Institute of Genomics and Integrative Biology,asia,in,
Graduate School Experimental Plant Sciences,europe,nl,
Istituto Superiore di Sanità,europe,it,
Cambridge Crystallographic Data Centre,europe,gb,
Schrodinger (United States),northamerica,us,
Centre de Recherche en Sciences et Technologies de l'Information et de la Communication,europe,fr,
"Islamic Azad University, Shahrood",asia,ir,
Emami (India),asia,in,
"Czech Academy of Sciences, Institute of Biophysics",europe,cz,
"Islamic Azad University, Tehran",asia,ir,
Sophia University,asia,jp,
Mansfield University,northamerica,us,
BioNano Genomics (United States),northamerica,us,
Bristol-Myers Squibb (United States),northamerica,us,
Amgen (United States),northamerica,us,
Universitat de les Illes Balears,europe,es,
Demos,northamerica,us,
Roche (Switzerland),europe,ch,
Eli Lilly (United States),northamerica,us,
Regional Centre of Advanced Technologies and Materials,europe,cz,
Central Leather Research Institute,asia,in,
Luoyang Normal University,asia,cn,
University of Hyderabad,asia,in,
Sunway University,asia,my,
National Chemical Laboratory,asia,in,
Syngenta (United Kingdom),europe,gb,
Indian Institute of Science Education and Research Kolkata,asia,in,
Instituto Tecnológico de Aeronáutica,southamerica,br,
"Merck KGaA, Darmstadt (Germany)",europe,de,
IMU University,asia,my,
Dr. Reddy's Laboratories (India),asia,in,
Andhra University,asia,in,
Central Drug Research Institute,asia,in,
National Academy of Sciences of Ukraine,europe,ua,
Uniwersytet Pomorski w Słupsku,europe,pl,
Curculio Institute,europe,de,
Instituto de Química Médica,europe,es,
Gauhati University,asia,in,
National Institute of Technology Meghalaya,asia,in,
Consorzio Milano Ricerche,europe,it,
Boehringer Ingelheim (Germany),europe,de,
MRC Cognition and Brain Sciences Unit,europe,gb,
Textron Systems (United Kingdom),europe,gb,
Osaka Metropolitan University,asia,jp,
Universidade de Brasília,southamerica,br,
Bruker (France),europe,fr,
Leibniz Institute of Freshwater Ecology and Inland Fisheries,europe,de,
Leipzig University of Applied Sciences,europe,de,
Instituto de Ecología,northamerica,mx,
German Centre for Integrative Biodiversity Research,europe,de,
Beijing Museum of Natural History,asia,cn,
University of Sassari,europe,it,
École Nationale Supérieure de Chimie de Montpellier,europe,fr,
International Federation of Library Associations and Institutions,europe,nl,
CIC biomaGUNE,europe,es,
"Czech Academy of Sciences, J. Heyrovský Institute of Physical Chemistry",europe,cz,
Beijing Institute of Fashion Technology,asia,cn,
Ca' Foscari University of Venice,europe,it,
Aswan University,africa,eg,
Tris Pharma (United States),northamerica,us,
Cell Medica (Switzerland),europe,ch,
Reliance Industries (India),asia,in,
Al-Ameen College of Pharmacy,asia,in,
Western Washington University,northamerica,us,
Miami University,northamerica,us,
Unilever (United Kingdom),europe,gb,
National Institute of Science Education and Research,asia,in,
Chung Shan Medical University,asia,tw,
Chung Shan Medical University Hospital,asia,tw,
UbiQD (United States),northamerica,us,
Otsuka (Japan),asia,jp,
Nanyang Normal University,asia,cn,
Hainan University,asia,cn,
Huazhong Agricultural University,asia,cn,
Max Planck Institute of Molecular Plant Physiology,europe,de,
Clinica Rotger,europe,es,
At Bristol,europe,gb,
Beijing National Laboratory for Molecular Sciences,asia,cn,
Gujarat Technological University,asia,in,
National Institute of Pharmaceutical Education and Research - Ahmedabad,asia,in,
Essen University Hospital,europe,de,
Institute for Plasma Research,asia,in,
Indian Institute of Technology Gandhinagar,asia,in,
National Taiwan Ocean University,asia,tw,
"Istituto Nazionale di Fisica Nucleare, Sezione di Perugia",europe,it,
Jadavpur University,asia,in,
Centre in Green Chemistry and Catalysis,northamerica,ca,
Roskilde University,europe,dk,
CelluForce (Canada),northamerica,ca,
Sinai University,africa,eg,
University of Sadat City,africa,eg,
Tulane University,northamerica,us,
University of Montana,northamerica,us,
Howard University,northamerica,us,
Centro Universitario de la Defensa en San Javier,europe,es,
Kazan Scientific Center,europe,ru,
Ankara University,asia,tr,
RIKEN Center for Advanced Photonics,asia,jp,
Klinikum Leverkusen,europe,de,
Goodyear (United States),northamerica,us,
Institute for Molecular Science,asia,jp,
Université de Mostaganem,africa,dz,
Swami Ramanand Teerth Marathwada University,asia,in,
Brera Academy,europe,it,
Bruker (Germany),europe,de,
University of Health Sciences and Pharmacy,northamerica,us,
Gallaudet University,northamerica,us,
Melbourn Science Park,europe,gb,
Wilmington University,northamerica,us,
Universidad de Buenos Aires,southamerica,ar,
Interfaces Traitements Organisation et Dynamique des Systèmes,europe,fr,
Kjemi (Norway),europe,no,
Esteve Química (Spain),europe,es,
University of Latvia,europe,lv,
Instituto Nacional de Ciencias Médicas y Nutrición Salvador Zubirán,northamerica,mx,
Autonomous University of Chihuahua,northamerica,mx,
Chapingo Autonomous University,northamerica,mx,
Instituto Politécnico Nacional,northamerica,mx,
Maharshi Dayanand University,asia,in,
Kyoto Prefectural University of Medicine,asia,jp,
Kyoto Prefectural University,asia,jp,
Isfahan University of Technology,asia,ir,
Tabriz University of Medical Sciences,asia,ir,
National Defence University of Malaysia,asia,my,
Transylvania University of Brașov,europe,ro,
Siksha O Anusandhan University,asia,in,
Mahatma Gandhi University,asia,in,
Lifetech Scientific (China),asia,cn,
All Russian Scientific Research Institute of Aviation Materials,europe,ru,
Chienkuo Technology University,asia,tw,
National Technical University of Ukraine “Igor Sikorsky Kyiv Polytechnic Institute”,europe,ua,
Bauman Moscow State Technical University,europe,ru,
Siberian Federal University,europe,ru,
Yangtze University,asia,cn,
Institute of Metal Superplasticity Problems,europe,ru,
Aksaray University,asia,tr,
Batman University,asia,tr,
Inonu University,asia,tr,
Tomsk State University of Architecture and Building,europe,ru,
Tomas Bata University in Zlín,europe,cz,
Ivano-Frankivsk National Technical University of Oil and Gas,europe,ua,
Lublin University of Technology,europe,pl,
Jan Długosz University,europe,pl,
"""Ion Ionescu de la Brad"" Iasi University of Life Sciences",europe,ro,
Anhalt University of Applied Sciences,europe,de,
L. N. Gumilyov Eurasian National University,asia,kz,
Bridgewater College,northamerica,us,
Frumkin Institute of Physical Chemistry and Electrochemistry,europe,ru,
Centre of Polymer and Carbon Materials,europe,pl,
University of Kragujevac,europe,rs,
Moscow Aviation Institute,europe,ru,
Yuri Gagarin State Technical University of Saratov,europe,ru,
Dr. Hari Singh Gour University,asia,in,
Odessa National Maritime University,europe,ua,
Universidade Presbiteriana Mackenzie,southamerica,br,
Aeronautical Development Agency,asia,in,
Graphic Era University,asia,in,
Rayat Shikshan Sanstha,asia,in,
IILM Institute for Higher Education,asia,in,
Satbayev University,asia,kz,
Novosibirsk State Technical University,europe,ru,
Universitas Syiah Kuala,asia,id,
University of Bucharest,europe,ro,
Institutul Naţional de Cercetare Dezvoltare pentru Chimie si Petrochimie,europe,ro,
Rzeszów University of Technology,europe,pl,
Bratislava University of Economics and Business,europe,sk,
National University Zaporizhzhia Polytechnic,europe,ua,
Al-Farabi Kazakh National University,asia,kz,
Frantsevich Institute for Problems in Materials Science,europe,ua,
Visvesvaraya Technological University,asia,in,
Ukrainian State University of Railway Transport,europe,ua,
Himachal Pradesh University,asia,in,
Advanced Materials and Processes Research Institute,asia,in,
O.M. Beketov National University of Urban Economy in Kharkiv,europe,ua,
National Aerospace University – Kharkiv Aviation Institute,europe,ua,
Ufa State Petroleum Technological University,europe,ru,
Pragochema (Czechia),europe,cz,
Jordan University of Science and Technology,asia,jo,
Universidade Federal do Espírito Santo,southamerica,br,
International Foundation for Electoral Systems,northamerica,us,
Amur State University,europe,ru,
Clausthal University of Technology,europe,de,
Central Research and Design Institute,europe,ru,
Henan Institute of Technology,asia,cn,
Sumy National Agrarian University,europe,ua,
Moscow Automobile and Road Construction State Technical University,europe,ru,
Hindustan Aeronautics Limited (India),asia,in,
Ivanovo State University of Chemistry and Technology,europe,ru,
Semenov Institute of Chemical Physics,europe,ru,
Zhejiang A & F University,asia,cn,
TeXtreme (Sweden),europe,se,
Kherson State Maritime Academy,europe,ua,
Ternopil Ivan Pului National Technical University,europe,ua,
Ternopil Volodymyr Hnatiuk National Pedagogical University,europe,ua,
Institute of Strength Physics and Materials Science,europe,ru,
Poznań University of Technology,europe,pl,
KPR Institute of Engineering and Technology,asia,in,
Mykolaiv V.O. Sukhomlynskyi National University,europe,ua,
E.O. Paton Electric Welding Institute,europe,ua,
Kyiv National University of Construction and Architecture,europe,ua,
National University «Odesa Maritime Academy»,world,,
Riga Stradiņš University,europe,lv,
"Institute of Chemistry, Far Eastern Branch of the Russian Academy of Sciences",europe,ru,
Cherkasy Institute of Fire Safety named after Chornobyl Heroes of National University of Civil Defence of Ukraine,europe,ua,
Scientific and Research Centre for Fire Protection,europe,pl,
Gas Turbine Research Establishment,asia,in,
Tashkent State Transport University,asia,uz,
Saveetha University,asia,in,
National University of Tainan,asia,tw,
CRRC (China),asia,cn,
University of Life Sciences in Lublin,europe,pl,
Illumina (United States),northamerica,us,
Ministry of Internal Affairs of the Republic of Tajikistan,asia,tj,
Ural Federal University,europe,ru,
National Academy of Sciences of Belarus,europe,by,
Ural Branch of the Russian Academy of Sciences,europe,ru,
Rosogneupor (Russia),europe,ru,
Ural Institute of Metals,europe,ru,
Central Research Institute of Structural Materials Prometey,europe,ru,
Technical University of Liberec,europe,cz,
Ukrainian State University of Chemical Technology,europe,ua,
Baikov Institute of Metallurgy and Materials Science,europe,ru,
Altai State Technical University,europe,ru,
All-Russian Institute of Light Alloys (Russia),europe,ru,
"National Technical University ""Kharkiv Polytechnic Institute""",europe,ua,
Donbass State Engineering Academy,europe,ua,
Brno University of Technology,europe,cz,
Volodymyr Dahl East Ukrainian National University,europe,ua,
Erciyes University,asia,tr,
Kabardino-Balkarian State University,europe,ru,
Omsk State Technical University,europe,ru,
Technical University of Gabrovo,europe,bg,
Council of Scientific and Industrial Research,asia,in,
V. N. Karazin Kharkiv National University,europe,ua,
Institute of Service and Entrepreneurship of DGTU,europe,ru,
Bryansk State Technical University,europe,ru,
Moscow State University of Civil Engineering,europe,ru,
Russian Academy of Architecture and Construction Sciences,europe,ru,
Gubkin Russian State University of Oil and Gas,europe,ru,
Bashkir Scientific Research Institute of Petroleum Refining,europe,ru,
South Ural State University,europe,ru,
Kuban State University,europe,ru,
Kuban State Agrarian University,europe,ru,
Kuban State Technological University,europe,ru,
Centre of Excellence for Advanced Materials,asia,cn,
System Equipment (China),asia,cn,
Institute of Solid State Chemistry,europe,ru,
G.V. Kurdyumov Institute for Metal Physics,europe,ua,
"State University ""Kyiv Aviation Institute""",europe,ua,
Institute of High Temperature Electrochemistry,europe,ru,
Wuhan University of Science and Technology,asia,cn,
Rusal (Russia),europe,ru,
Natural Resources Institute Finland,europe,fi,
Oriental Yuhong (China),asia,cn,
China Academy of Building Research,asia,cn,
Beijing University of Civil Engineering and Architecture,asia,cn,
Institute of Macromolecular Compounds,europe,ru,
Tula State University,europe,ru,
Institute of Problems of Mechanical Engineering,europe,ru,
Imam Khomeini International University,asia,ir,
Pidstryhach Institute for Applied Problems of Mechanics and Mathematics,europe,ua,
Shanghai University of Engineering Science,asia,cn,
Hemwati Nandan Bahuguna Garhwal University,asia,in,
Amity University Jaipur,asia,in,
Institute of Structural Macrokinetics and Materials Science,europe,ru,
Tashkent Institute of Textile and Light Industry,asia,uz,
University of Petroleum,asia,id,
Meenakshi Academy of Higher Education and Research,asia,in,
Umm al-Qura University,asia,sa,
Kütahya Dumlupınar Üniversitesi,asia,tr,
Istanbul University-Cerrahpaşa,asia,tr,
Irkutsk National Research Technical University,europe,ru,
Belgorod State Technological University,europe,ru,
Linyi University,asia,cn,
Institute of New Materials,asia,cn,
Admiral Makarov National University of Shipbuilding,europe,ua,
Petersburg State Transport University,europe,ru,
Vikram Sarabhai Space Centre,asia,in,
Defence Metallurgical Research Laboratory,asia,in,
Ansaldo (Italy),europe,it,
European Thermodynamics (United Kingdom),europe,gb,
Perm National Research Polytechnic University,europe,ru,
Institute of Problems of Chemical Physics,europe,ru,
China General Nuclear Power Corporation (China),asia,cn,
Immanuel Kant Baltic Federal University,europe,ru,
Naval University of Engineering,asia,cn,
Volgograd State Technical University,europe,ru,
Vladimir State University,europe,ru,
All-Russian Scientific Research Institute for the Use of Machinery and Petroleum Products in Agriculture,europe,ru,
Tambov State University,europe,ru,
Saint Petersburg Mining University,europe,ru,
Gipronickel Institute,europe,ru,
Institute of Engineering Thermophysics,europe,ua,
General Energy Institute of National Academy of Sciences of Ukraine,europe,ua,
General Research Institute for Nonferrous Metals (China),asia,cn,
Gyeongguk National University,asia,kr,
"Laboratoire de Mécanique des Sols, Structures et Matériaux",europe,fr,
China Automotive Battery Research Institute,asia,cn,
Łukasiewicz Research Network - Institute of Non-Ferrous Metals,europe,pl,
Physico-Technical Institute,europe,ru,
Saint-Petersburg State University of Technology and Design,europe,ru,
Ivan Kozhedub Kharkiv National Air Force University,europe,ua,
Universidade Federal de Itajubá,southamerica,br,
"National Centre of Scientific Research ""Demokritos""",europe,gr,
Kazimierz Pułaski University of Technology and Humanities in Radom,europe,pl,
Indiana University – Purdue University Fort Wayne,northamerica,us,
Nano Carbon (Poland),europe,pl,
Nanjing Institute of Technology,asia,cn,
Karadeniz Technical University,asia,tr,
Service de la Santé Publique,europe,ch,
Regional Medical Center,northamerica,us,
NS Kurnakova Institute of General and Inorganic Chemistry,europe,ru,
Izhevsk State Agricultural Academy,europe,ru,
Lipetsk State Technical University,europe,ru,
Kazan Federal University,europe,ru,
L.V. Pisarzhevskii Institute of Physical Chemistry,europe,ua,
Belarusian State University,europe,by,
Kharkiv National University of Construction and Architecture,europe,ua,
National University of Civil Protection of Ukraine,europe,ua,
Sant Longowal Institute of Engineering and Technology,asia,in,
Amur State University of Humanities and Pedagogy,europe,ru,
Institute of Engineering Science and Metallurgy Far Eastern Branch of the Russian Academy of Sciences,europe,ru,
Komsomolsk-on-Amur State Technical University,europe,ru,
Siberian Branch of the Russian Academy of Sciences,europe,ru,
National Research Mordovia State University,europe,ru,
Max Planck Institute for Chemistry,europe,de,
Osipyan Institute of Solid State Physics RAS,europe,ru,
Institute of Physical Chemistry,europe,pl,
"Institute of Geology, China Earthquake Administration",world,,
Geological Survey of Canada,northamerica,ca,
ARC Centre of Excellence for Core to Crust Fluid Systems,australasia,au,
European Geosciences Union,europe,de,
Müller BBM (Germany),europe,de,
Earth Observatory of Singapore,asia,sg,
Water Authority of Jordan,asia,jo,
Synchrotron SOLEIL,europe,fr,
UCL Australia,australasia,au,
Chinese Academy of Geological Sciences,asia,cn,
Geological Survey of Norway,europe,no,
BH Consulting (Ireland),europe,ie,
University of Salzburg,europe,at,
GeoRessources,europe,fr,
University of Caldas,southamerica,co,
Colombian Geological Survey,southamerica,co,
Ecopetrol (Colombia),southamerica,co,
Monterey Bay Aquarium Research Institute,northamerica,us,
St. Francis Xavier University,northamerica,ca,
OFM Research (United States),northamerica,us,
Qingdao National Laboratory for Marine Science and Technology,asia,cn,
GNS Science,australasia,nz,
"Centre for the Observation and Modelling of Earthquakes, Volcanoes and Tectonics",europe,gb,
Statistics New Zealand,australasia,nz,
Silixa (United Kingdom),europe,gb,
European Centre for Training and Research in Earthquake Engineering,europe,it,
Geological Survey of Sweden,europe,se,
Istituto Nazionale di Geofisica e Vulcanologia,europe,it,
Kandilli Observatory and Earthquake Research Institute,asia,tr,
Chongqing Institute of Geology and Mineral Resources,asia,cn,
University of Siena,europe,it,
Radiotelevisione Italiana (Italy),europe,it,
Centre de Recherche en Mathématiques de la Décision,europe,fr,
Biophy Research (France),europe,fr,
Stratford University,northamerica,us,
Maden Tetkik ve Arama Genel Müdürlüğü,world,,
Toneyama National Hospital,asia,jp,
Berkeley Geochronology Center,northamerica,us,
Sant Gadge Baba Amravati University,asia,in,
LIAG Institute for Applied Geophysics,europe,de,
"Instituto de Óptica ""Daza de Valdés""",europe,es,
Geological Survey of Austria,europe,at,
Jiangsu Normal University,asia,cn,
Community Options (United States),northamerica,us,
Yukon University,northamerica,ca,
Institute of Mineralogy,europe,ru,
National Earthquake Response Support Service,asia,cn,
Institute of the Earth’s Crust,europe,ru,
Material Physics Center,europe,es,
Norsar,europe,no,
Environmental and Water Resources Engineering,asia,il,
Arup Group (United Kingdom),europe,gb,
Cold Regions Research and Engineering Laboratory,northamerica,us,
"University at Albany, State University of New York",northamerica,us,
Geological Survey of Western Australia,australasia,au,
Government of British Columbia,northamerica,ca,
Febus Optics (France),europe,fr,
Global Earthquake Model,europe,it,
Swedish Museum of Natural History,europe,se,
Dublin City University,europe,ie,
National Astronomical Observatory of Japan,asia,jp,
National Institute of Oceanography and Applied Geophysics,europe,it,
National Research Council - Institute of Methodologies for Environmental Analysis,europe,it,
Royal Netherlands Meteorological Institute,europe,nl,
National Research Institute for Earth Science and Disaster Resilience,asia,jp,
Weber State University,northamerica,us,
Imperial War Museum,europe,gb,
Continental (United Kingdom),europe,gb,
Japan Coast Guard,world,,
Natural History Museum,europe,gb,
Gemological Institute of America,northamerica,us,
SUNY Fredonia,northamerica,us,
Technology Applications (United States),northamerica,us,
Japan Agency for Marine-Earth Science and Technology,asia,jp,
Geomechanica (Canada),northamerica,ca,
Association for the Development of Earthquake Prediction,asia,jp,
Scripps Institution of Oceanography,northamerica,us,
Bureau de Recherches Géologiques et Minières,europe,fr,
Institute of Geology and Mineral Exploration,europe,gr,
National Science and Technology Council,asia,tw,
Fort Lewis College,northamerica,us,
Chevron (United States),northamerica,us,
Central Connecticut State University,northamerica,us,
Hillenbrand (United States),northamerica,us,
Saudi Aramco (United States),northamerica,us,
Boise State University,northamerica,us,
"Meteorological, Climatological, And Geophysical Agency",asia,id,
Indonesian National Institute of Aeronautics and Space,asia,id,
Federal Institute for Geosciences and Natural Resources,europe,de,
EDF Energy (United Kingdom),europe,gb,
Bandung Institute of Technology,asia,id,
Diamond and Precious Metal Geology Institute,europe,ru,
Vinogradov Institute of Geochemistry,europe,ru,
Institute of Tectonics and Geophysics named after Y.A. Kosygin,europe,ru,
Norwegian Geotechnical Institute,europe,no,
California State Polytechnic University,northamerica,us,
Aecom (United States),northamerica,us,
University of Yangon,asia,mm,
Southern Connecticut State University,northamerica,us,
Defence Science and Technology Laboratory,europe,gb,
Teledyne e2v (United Kingdom),europe,gb,
Hemel Hempstead Hospital,europe,gb,
Geological Survey of Israel,asia,il,
Macalester College,northamerica,us,
Discovery Place,northamerica,us,
University of South Carolina Sumter,northamerica,us,
Geological Survey of Japan,asia,jp,
Yibin University,asia,cn,
Yunnan Earthquake Prevention and Disaster Reduction,asia,cn,
Huainan Mining Industry Group (China),asia,cn,
University of the Pacific,southamerica,cl,
Songshan Lake Materials Laboratory,asia,cn,
Universidad Autónoma de Nuevo León,northamerica,mx,
Schlumberger (United Kingdom),europe,gb,
Institute of Natural Sciences,europe,be,
Laurentian University,northamerica,ca,
Oklahoma Biological Survey,northamerica,us,
BP (United States),northamerica,us,
Qingdao Institute of Marine Geology,asia,cn,
Indiana University,northamerica,us,
Central Washington University,northamerica,us,
Beijing Municipal Engineering Design and Research Institute (China),asia,cn,
Université Bordeaux Montaigne,europe,fr,
Institut des Hautes Études Scientifiques,europe,fr,
Baden-Wuerttemberg Cooperative State University,europe,de,
Quansight (United States),northamerica,us,
Enthought (United States),northamerica,us,
Fluor (United States),northamerica,us,
Cabot (United States),northamerica,us,
American Anthropological Association,northamerica,us,
Near East University,asia,cy,
École Nationale Supérieure de Techniques Avancées,europe,fr,
Telefónica (Spain),europe,es,
University of Jordan,asia,jo,
Sidi Mohamed Ben Abdellah University,africa,ma,
Krembil Foundation,northamerica,ca,
China Aerospace Science and Industry Corporation (China),asia,cn,
Xi'an High Tech University,asia,cn,
Institution of Engineering and Technology,europe,gb,
Yango University,asia,cn,
University of South Africa,africa,za,
QB3,northamerica,us,
People's Bank of China,asia,cn,
Ahmadu Bello University,africa,ng,
Nasarawa State University,africa,ng,
Telio (Norway),europe,no,
Sanford Broadway Medical Center,northamerica,us,
Universitas Achmad Yani,asia,id,
"Islamic Azad University, Khoy Branch",asia,ir,
Amman Arab University,asia,jo,
Nvidia (United Kingdom),europe,gb,
National Institutes of Health Clinical Center,northamerica,us,
Institute on Governance,northamerica,ca,
State Key Laboratory of Information Security,world,,
Institute of Information Engineering,asia,cn,
Microsoft Research Asia (China),asia,cn,
Lexicon Pharmaceuticals (United States),northamerica,us,
Dibrugarh University,asia,in,
Phenikaa (Vietnam),asia,vn,
Babson College,northamerica,us,
Texas A&M International University,northamerica,us,
University of Lübeck,europe,de,
National Engineering Research Center for Information Technology in Agriculture,asia,cn,
Graduate University of Advanced Technology,asia,ir,
Fayoum University,africa,eg,
Damietta University,africa,eg,
Al-Ahliyya Amman University,asia,jo,
Wenzhou-Kean University,asia,cn,
Sanming University,asia,cn,
Advanced Digital Sciences Center,asia,sg,
Cambridge Quantum Computing (United Kingdom),europe,gb,
Istituto Officina dei Materiali,europe,it,
Yale New Haven Hospital,northamerica,us,
Tokyo Metropolitan University,asia,jp,
Central Electronics Engineering Research Institute,asia,in,
Jaypee Institute of Information Technology,asia,in,
Duke Kunshan University,asia,cn,
Royal University Hospital,northamerica,ca,
Duhok Polytechnic University,asia,iq,
"Laboratoire d'Informatique, du Traitement de l'Information et des Systèmes",europe,fr,
Manav Rachna International Institute of Research and Studies,asia,in,
BML Munjal University,asia,in,
U.S. National Science Foundation,northamerica,us,
Xanadu Quantum Technologies (Canada),northamerica,ca,
RELX Group (Netherlands),europe,nl,
Paderborn University,europe,de,
Punjab Technical University,asia,in,
Delhi Technological University,asia,in,
Université Paris-Est Créteil,europe,fr,
NumFOCUS,northamerica,us,
"Birla Institute of Technology and Science, Pilani - Goa Campus",asia,in,
National Institute of Information and Communications Technology,asia,jp,
Louis Stokes Cleveland VA Medical Center,northamerica,us,
Computer Vision Center,world,,
Suez University,africa,eg,
University of Dayton,northamerica,us,
Comcast (United States),northamerica,us,
Bradley Hospital,northamerica,us,
University Foundation,europe,be,
Wellcome/MRC Cambridge Stem Cell Institute,europe,gb,
Laboratoire d’Imagerie Biomédicale,europe,fr,
Inception Institute of Artificial Intelligence,asia,ae,
Centre Inria de Saclay,europe,fr,
Canada's Michael Smith Genome Sciences Centre,northamerica,ca,
Walter and Eliza Hall Institute of Medical Research,australasia,au,
Vector Institute,northamerica,ca,
Australian Centre for Robotic Vision,australasia,au,
Snap (United States),northamerica,us,
National Neuroscience Institute,asia,sg,
Zapata (United States),northamerica,us,
Mount Sinai Health System,northamerica,us,
University of Florida Health,northamerica,us,
Kenyon College,northamerica,us,
Ajman University,asia,ae,
Université de technologie de belfort-montbéliard,europe,fr,
Islamic Azad University of Urmia,asia,ir,
Beni-Suef University,africa,eg,
San Francisco VA Medical Center,northamerica,us,
Berlin Institute for the Foundations of Learning and Data,europe,de,
Guangxi Normal University,asia,cn,
"College of Applied Sciences, Nizwa",asia,om,
Xiamen University Malaysia,asia,my,
Guru Ghasidas Vishwavidyalaya,asia,in,
Jawaharlal Nehru University,asia,in,
De Beers (United Kingdom),europe,gb,
Institute for Development and Research in Banking Technology,asia,in,
Universidad de La Rioja,europe,es,
Asan Medical Center,asia,kr,
Jinhua Academy of Agricultural Sciences,asia,cn,
Munich School of Philosophy,europe,de,
Netaji Subhas University of Technology,asia,in,
Helwan University,africa,eg,
Minia University,africa,eg,
Bahria University,asia,pk,
Misr University for Science and Technology,africa,eg,
Nile University,africa,eg,
Sidra Medical and Research Center,asia,qa,
University Hospitals Coventry and Warwickshire NHS Trust,europe,gb,
Synaptic Research (United States),northamerica,us,
Government Medical College,asia,in,
Toshiba (Japan),asia,jp,
Toshiba (United Kingdom),europe,gb,
Imam Khomeini Marine Science University,world,,
Mohamed bin Zayed University of Artificial Intelligence,asia,ae,
International University of Business Agriculture and Technology,asia,bd,
King Faisal University,asia,sa,
Al-Zaytoonah University of Jordan,asia,jo,
INESC TEC,europe,pt,
Meta (United States),northamerica,us,
BT Research,europe,gb,
University of Technology - Iraq,asia,iq,
Middle Technical University,asia,iq,
University of Information Technology and Communications,asia,iq,
Thi Qar University,asia,iq,
Centrum Wiskunde & Informatica,europe,nl,
Machine Intelligence Research Institute,northamerica,us,
"Birkbeck, University of London",europe,gb,
Institute of Group Analysis,europe,gb,
Menlo School,northamerica,us,
Beijing Academy of Artificial Intelligence,asia,cn,
Alibaba Group (China),asia,cn,
Autonomous University of Queretaro,northamerica,mx,
Qualcomm (United Kingdom),europe,gb,
Dassault Aviation (France),europe,fr,
Pakistan Institute of Engineering and Applied Sciences,asia,pk,
Universidad Autónoma del Estado de México,northamerica,mx,
Instituto Tecnologico de Orizaba,northamerica,mx,
Sensimetrics Corporation,northamerica,us,
Woodruff Health Sciences Center,northamerica,us,
Odesa I. I. Mechnikov National University,europe,ua,
Athinoula A. Martinos Center for Biomedical Imaging,northamerica,us,
HeartFlow (United States),northamerica,us,
Horizon Robotics (China),world,,
Purdue University Northwest,northamerica,us,
Samsung (Russia),europe,ru,
National Institute of Textile Engineering and Research,world,,
Jahangirnagar University,asia,bd,
Bernstein Center for Computational Neuroscience Tübingen,europe,de,
International Computer Science Institute,northamerica,us,
"Indian Institute of Information Technology, Nagpur",asia,in,
Central University of Rajasthan,asia,in,
UK Centre for Ecology & Hydrology,europe,gb,
Shanghai Advanced Research Institute,asia,cn,
Collège Boréal,northamerica,ca,
The Alan Turing Institute,europe,gb,
State Key Laboratory of Information Engineering in Surveying Mapping and Remote Sensing,asia,cn,
Creative Technologies (United States),northamerica,us,
Boyds (United Kingdom),europe,gb,
Shanghai Artificial Intelligence Laboratory,asia,cn,
Alibaba Group (United States),northamerica,us,
Indian Institute of Information Technology Allahabad,asia,in,
Techno India University,asia,in,
Perfusion Solution (United States),northamerica,us,
National Institute of Technology Kurukshetra,asia,in,
Zhejiang University of Science and Technology,asia,cn,
Hospital Universiti Sains Malaysia,asia,my,
Suez Canal University,africa,eg,
D. E. Shaw Research,northamerica,us,
Guangdong University Of Finances and Economics,asia,cn,
Changchun University of Science and Technology,asia,cn,
Naval Academy,asia,tr,
Salesforce (United States),northamerica,us,
Palo Alto University,northamerica,us,
Foundation for the Advancement of Social Theory,northamerica,us,
Shanghai Industrial Technology Institute,asia,cn,
Chaoyang University of Technology,asia,tw,
Technological University of the Shannon: Midlands Midwest,world,,
University of Chester,europe,gb,
Lahore College for Women University,asia,pk,
Centre Inria de l'Université Grenoble Alpes,europe,fr,
Ebonyi State University,africa,ng,
Group Sense (China),asia,cn,
Tishk International University,asia,iq,
Koneru Lakshmaiah Education Foundation,asia,in,
Wuhan Institute of Technology,asia,cn,
Parul University,asia,in,
Sankalchand Patel University,asia,in,
Wellcome / EPSRC Centre for Interventional and Surgical Sciences,europe,gb,
Henan Institute of Science and Technology,asia,cn,
Southern Medical University,asia,cn,
Hongik University,asia,kr,
University of Regina,northamerica,ca,
Ericsson (Canada),northamerica,ca,
Science Foundation Ireland,europe,ie,
Cape Coast Technical University,africa,gh,
University of Mines and Technology,africa,gh,
Anhui Xinhua University,asia,cn,
Paris-Est Sup,europe,fr,
China Academy of Urban Planning and Design,asia,cn,
Università di Camerino,europe,it,
Civil Aviation University of China,asia,cn,
Hainan Normal University,asia,cn,
Shandong Management University,asia,cn,
Islamia College University,asia,pk,
Benha University,africa,eg,
"The Graduate University for Advanced Studies, SOKENDAI",asia,jp,
Vietnam National University Ho Chi Minh City,asia,vn,
National Institute of Informatics,asia,jp,
Beijing Normal-Hong Kong Baptist University,asia,cn,
Jingdong (China),asia,cn,
Beijing Wuzi University,asia,cn,
Universitas Dian Nuswantoro,asia,id,
D’Or Institute for Research and Education,southamerica,br,
Jaguar Land Rover (United Kingdom),europe,gb,
Siirt Üniversitesi,asia,tr,
Gazi University,asia,tr,
TH Bingen University of Applied Sciences,europe,de,
"Basque Center on Cognition, Brain and Language",europe,es,
Naval Aeronautical and Astronautical University,asia,cn,
Minjiang University,asia,cn,
Ho Chi Minh City University of Technology and Engineering,asia,vn,
Kumoh National Institute of Technology,asia,kr,
Hebei Agricultural University,asia,cn,
London Women's Clinic,europe,gb,
Technicolor (France),europe,fr,
East China Jiaotong University,asia,cn,
"National Institute of Astrophysics, Optics and Electronics",northamerica,mx,
Science for Life Laboratory,europe,se,
Netherlands eScience Center,europe,nl,
TCL (China),asia,cn,
CSCS - Swiss National Supercomputing Centre,world,,
National Supercomputing Center in Wuxi,asia,cn,
First Institute of Oceanography,asia,cn,
Naval Sea Systems Command,northamerica,us,
Laboratoires Spiral (France),europe,fr,
Pace University,northamerica,us,
Oracle (United States),northamerica,us,
American Rock Mechanics Association,northamerica,us,
Wipro (India),asia,in,
Texas Woman's University,northamerica,us,
Institute for Research in Fundamental Sciences,asia,ir,
Millersville University,northamerica,us,
University of Passau,europe,de,
Rural Development Administration,asia,kr,
Regenstrief Institute,northamerica,us,
Naval Research Academy,world,,
"International Institute of Information Technology, Hyderabad",asia,in,
Robert Bosch (India),asia,in,
Xilinx (United States),northamerica,us,
Applied Research Corporation (United States),northamerica,us,
iMinds,europe,be,
"Institute of Information Science, Academia Sinica",asia,tw,
INTECS (Italy),europe,it,
AbsInt (Germany),europe,de,
GMV Innovating Solutions (Portugal),europe,pt,
ICT Research Institute,asia,ir,
Vali Asr University of Rafsanjan,asia,ir,
Keio University Shonan Fujisawa,asia,jp,
Future University Hakodate,asia,jp,
Providence University,asia,tw,
IMEC,europe,be,
MathWorks (United States),northamerica,us,
Chungnam National University,asia,kr,
Intel (United Kingdom),europe,gb,
TTTech Computertechnik (Austria),europe,at,
Université du littoral côte d'opale,europe,fr,
Paris School of Business,europe,fr,
Télécom Paris,europe,fr,
Manchester University,northamerica,us,
Red Hat (United States),northamerica,us,
RIKEN Center for Computational Science,asia,jp,
Apple (United States),northamerica,us,
Shanghai Key Laboratory of Trustworthy Computing,asia,cn,
Endicott College,northamerica,us,
Bharath University,asia,in,
Hosei University,asia,jp,
Rissho University,asia,jp,
Marshall University,northamerica,us,
Laboratoire Hubert Curien,europe,fr,
Techniques of Informatics and Microelectronics for Integrated Systems Architecture,europe,fr,
PSG INSTITUTE OF TECHNOLOGY AND APPLIED RESEARCH,asia,in,
"Anna University, Chennai",asia,in,
Taizhou University,asia,cn,
Universität Greifswald,europe,de,
Università della Svizzera italiana,europe,ch,
China Telecom (China),asia,cn,
Capital One (United States),northamerica,us,
Instituto de Telecomunicações,europe,pt,
Oregon Research Institute,northamerica,us,
Arcticus Systems (Sweden),europe,se,
Broadcom (United States),northamerica,us,
Centre Inria de l'université de Bordeaux,europe,fr,
Instituto Tecnológico de Costa Rica,northamerica,cr,
Citadel,northamerica,us,
Belarusian State University of Informatics and Radioelectronics,europe,by,
Hyundai Motors (South Korea),asia,kr,
Institute of Software,asia,cn,
Max Planck Institute for Software Systems,europe,de,
Software Engineering Institute,northamerica,us,
Double Helix (United States),northamerica,us,
MIT Computer Science and Artificial Intelligence Laboratory,northamerica,us,
Computer Network Information Center,asia,cn,
ARM (United Kingdom),europe,gb,
Honeywell (United States),northamerica,us,
Reykjavík University,europe,is,
Taiwan Semiconductor Manufacturing Company (United States),northamerica,us,
Fujitsu (United States),northamerica,us,
SUNY New Paltz,northamerica,us,
Cisco Systems (United States),northamerica,us,
Edaptive Computing (United States),northamerica,us,
Kayseri Eğitim ve Araştırma Hastanesi,asia,tr,
Huawei Technologies (United Kingdom),europe,gb,
Siemens Healthineers (Germany),europe,de,
Evidence (Italy),europe,it,
Sri Eshwar College of Engineering,world,,
Bhailalbhai and Bhikhabhai Institute of Technology,asia,in,
Qualcomm (United States),northamerica,us,
Zhengzhou Railway Vocational & Technical College,asia,cn,
Goulandris Natural History Museum,europe,gr,
Innovative Technologies Center (Greece),europe,gr,
Tan Kah Kee Innovation Laboratory,asia,cn,
Advanced Micro Devices (Canada),northamerica,ca,
IBM (Netherlands),europe,nl,
Pontifícia Universidade Católica do Rio Grande do Sul,southamerica,br,
Capital Normal University,asia,cn,
National Supercomputer Centre,europe,se,
United Technologies Research Center,europe,ie,
Morgan State University,northamerica,us,
Istituto di Analisi dei Sistemi ed Informatica Antonio Ruberti,europe,it,
Intel (India),asia,in,
University of Ulster,europe,gb,
Hyvinkää Hospital,europe,fi,
Chicago State University,northamerica,us,
Biobyte Solutions (Germany),europe,de,
European Molecular Biology Organization,europe,de,
Bundeswehr,world,,
Towson University,northamerica,us,
University of East London,europe,gb,
Melbourne Polytechnic,world,,
Panteion University,europe,gr,
Huawei German Research Center,europe,de,
Fraunhofer Institute for Industrial Engineering,europe,de,
University of Canberra,australasia,au,
European Bioinformatics Institute,europe,gb,
LG (South Korea),asia,kr,
HES-SO Valais-Wallis,europe,ch,
Ss. Cyril and Methodius University in Skopje,europe,mk,
IBM Research - Australia,australasia,au,
DHA Suffa University,asia,pk,
Karachi Institute of Economics and Technology,asia,pk,
Universiti Malaysia Sarawak,asia,my,
Kwangwoon University,asia,kr,
Dongfeng Motor Group (China),asia,cn,
Sikkim University,asia,in,
AT&T (United States),northamerica,us,
Two Sigma Investments (United States),northamerica,us,
Simula Research Laboratory,europe,no,
Swedish Institute,europe,se,
First Affiliated Hospital Zhejiang University,asia,cn,
World Federation of Science Journalists,northamerica,ca,
University of Guelma,africa,dz,
Badji Mokhtar-Annaba University,africa,dz,
Saratov State University,europe,ru,
La Trobe University,australasia,au,
Universidad de Deusto,europe,es,
Universidade Estadual de Londrina,southamerica,br,
University of Cauca,southamerica,co,
Center for Research and Technology Thessaly,europe,gr,
Atos (France),europe,fr,
Coburg University of Applied Sciences,europe,de,
China International Science and Technology Cooperation,asia,cn,
Inje University,asia,kr,
Hunan Institute of Science and Technology,asia,cn,
South Dakota School of Mines and Technology,northamerica,us,
Institut für Informationsverarbeitung,europe,de,
Telefonica Research and Development,europe,es,
IS-Wireless (Poland),europe,pl,
Ericsson (Sweden),europe,se,
China Jiliang University,asia,cn,
Texas A&M University – San Antonio,northamerica,us,
"California State University, San Bernardino",northamerica,us,
Edison Pharmaceuticals (United States),northamerica,us,
Chongqing Institute of Green and Intelligent Technology,asia,cn,
Örebro University,europe,se,
Huawei Technologies (United States),northamerica,us,
Zhengzhou Normal University,asia,cn,
Zaozhuang University,asia,cn,
Bandırma Onyedi Eylül University,asia,tr,
Atilim University,asia,tr,
Bitlis Eren University,asia,tr,
Mid Sweden University,europe,se,
Digital Wave (United States),northamerica,us,
Alfaisal University,asia,sa,
Kitware (United States),northamerica,us,
Skyline University College,asia,ae,
National College of Business Administration and Economics,asia,pk,
Indian Institute of Tropical Meteorology,asia,in,
DELL (United States),northamerica,us,
Dayanand Medical College & Hospital,asia,in,
Wilfrid Laurier University,northamerica,ca,
Sultan Idris Education University,asia,my,
Technology Innovation Institute,asia,ae,
German Jordanian University,asia,jo,
Qatar Airways (Qatar),asia,qa,
North Eastern Hill University,asia,in,
Maulana Abul Kalam Azad Institute of Asian Studies,asia,in,
Shandong University of Aeronautics,asia,cn,
Dulwich Community Hospital,europe,gb,
Technical University of Malaysia Malacca,asia,my,
SASTRA University,asia,in,
Soonchunhyang University,asia,kr,
Institute for Information Transmission Problems,europe,ru,
Molde University College,europe,no,
American Friends of Tel Aviv University,northamerica,us,
Carnegie Mellon University Qatar,asia,qa,
Universidade de Fortaleza,southamerica,br,
Guangzhou Institute of Energy Conversion,asia,cn,
State Key Laboratory of Synthetical Automation for Process Industries,world,,
Isfahan University of Medical Sciences,asia,ir,
ESCA Ecole de Management,africa,ma,
Nokia (Germany),europe,de,
Sharp Laboratories of Europe (United Kingdom),europe,gb,
IMDEA Networks,europe,es,
Sri Ramachandra Institute of Higher Education and Research,asia,in,
Infosys (India),asia,in,
Footscray Hospital,australasia,au,
University of Valparaíso,southamerica,cl,
NEC (Germany),europe,de,
Hood College,northamerica,us,
Nirma University,asia,in,
Shiraz University of Technology,asia,ir,
Covenant University,africa,ng,
"Islamic Azad University, Jahrom Branch",asia,ir,
University of Maribor,europe,si,
Chaudhary Charan Singh University,asia,in,
East Tennessee State University,northamerica,us,
Hwa Hsia University of Technology,asia,tw,
Noakhali Science and Technology University,asia,bd,
Islamic University,asia,bd,
American International University-Bangladesh,asia,bd,
Rafael Advanced Defense Systems (Israel),asia,il,
Asir Central Hospital,asia,sa,
Al-Azhar University,africa,eg,
Guru Nanak Dev University,asia,in,
International Information Technologies University,asia,kz,
King's College School,europe,gb,
Oxford Health NHS Foundation Trust,europe,gb,
Korea Education and Research Information Service,asia,kr,
Honam University,asia,kr,
DePaul University,northamerica,us,
Canisius College,northamerica,us,
Korean Association Of Science and Technology Studies,asia,kr,
Technische Hochschule Mannheim,europe,de,
Milwaukee School of Engineering,northamerica,us,
Grady Memorial Hospital,northamerica,us,
EM Normandie Business School,europe,fr,
Audencia Business School,europe,fr,
BI Norwegian Business School,europe,no,
Mudra Institute of Communications Ahmedabad,asia,in,
ESIC Business & Marketing School,world,,
Adam Smith Institute,europe,gb,
University of Maryland University College Europe,europe,de,
Goldsmiths University of London,europe,gb,
Institut de Biologia Evolutiva,europe,es,
University of Aleppo,asia,sy,
Blekinge Institute of Technology,europe,se,
United States Department of Commerce,northamerica,us,
College of Business Administration,europe,lv,
Iscte – Instituto Universitário de Lisboa,europe,pt,
University of South Florida Sarasota–Manatee,northamerica,us,
Ambedkar University Delhi,asia,in,
Universidad Internacional De La Rioja,europe,es,
Virtual Reality Medical Center,northamerica,us,
Jiangxi University of Water Resources and Electric Power,asia,cn,
British University in Dubai,asia,ae,
UCSI University,asia,my,
Barcelona Supercomputing Center,europe,es,
New York University Shanghai,asia,cn,
Nanjing University of Chinese Medicine,asia,cn,
École Supérieure de Commerce de Rennes,europe,fr,
Institut de Recherche Technologique B-com,europe,fr,
Davidson College,northamerica,us,
Université de Picardie Jules Verne,europe,fr,
Unitelma Sapienza University,europe,it,
Technical University of Applied Sciences Lübeck,europe,de,
Idiap Research Institute,europe,ch,
Hasan Kalyoncu University,asia,tr,
Samsung Medical Center,asia,kr,
User Interface Design (Germany),europe,de,
Austrian Institute for Health Technology Assessment GmbH,europe,at,
Swiss Paraplegic Research,europe,ch,
Osnabrück University,europe,de,
Digital Catapult (United Kingdom),europe,gb,
Magic Leap (United States),northamerica,us,
British Broadcasting Corporation (United Kingdom),europe,gb,
Meta (United Kingdom),europe,gb,
Nesta,europe,gb,
École Supérieure des Sciences Économiques et Commerciales,europe,fr,
Sinai Health System,northamerica,us,
Beijing Technology and Business University,asia,cn,
Hellenic Mediterranean University,europe,gr,
FORTH Institute of Molecular Biology and Biotechnology,europe,gr,
Science Oxford,europe,gb,
Oxford Research (Norway),europe,no,
Agora,europe,nl,
European University of Lefke,asia,tr,
Vencore (United States),northamerica,us,
Information Ventures (United States),northamerica,us,
InterDigital (United States),northamerica,us,
University of Liechtenstein,europe,li,
University of Applied Sciences Upper Austria,europe,at,
Sbarro Health Research Organization,northamerica,us,
"Istituto Nazionale Tumori IRCCS ""Fondazione G. Pascale""",europe,it,
Uniwersytet SWPS,europe,pl,
National Information Processing Institute,europe,pl,
Wonkwang University,asia,kr,
Jeonju University,asia,kr,
IRCCS Istituto Auxologico Italiano,europe,it,
Management Center Innsbruck,europe,at,
Netherlands Institute for Sound and Vision,europe,nl,
University of Nis,europe,rs,
University of Management and Technology,asia,pk,
National University of Technology,asia,pk,
Vytautas Magnus University,europe,lt,
Liberty Mutual Research Institute for Safety,northamerica,us,
Grace (United States),northamerica,us,
Breda University of Applied Sciences,europe,nl,
Design Interactive (United States),northamerica,us,
Sangmyung University,asia,kr,
NXP (Netherlands),europe,nl,
American University in Cairo,africa,eg,
Ain Shams University,africa,eg,
Hanover University of Music Drama and Media,europe,de,
Winkhaus (Germany),europe,de,
Tampere University of Applied Sciences,europe,fi,
Fernando Pessoa University,europe,pt,
Abertay University,europe,gb,
Palestine Polytechnic University,asia,ps,
Tilburg University,europe,nl,
HHL Leipzig Graduate School of Management,europe,de,
Kühne Logistics University,europe,de,
Tweed Shire Council,australasia,au,
eHealth Africa,northamerica,us,
Cegep de Sainte Foy,northamerica,ca,
Cégep de Sherbrooke,northamerica,ca,
Korea Research Institute for Human Settlements,asia,kr,
Princess Sumaya University for Technology,asia,jo,
Gyeongju University,asia,kr,
VinUniversity,asia,vn,
Instructional Research Group,northamerica,us,
Université du Québec en Outaouais,northamerica,ca,
Teesside University,europe,gb,
Karamanoğlu Mehmetbey University,asia,tr,
Bursa Uludağ Üni̇versi̇tesi̇,asia,tr,
IT University of Copenhagen,europe,dk,
HEC Paris,europe,fr,
University of Colorado Anschutz Medical Campus,northamerica,us,
Orlando Regional Medical Center,northamerica,us,
Hebei University,asia,cn,
Twitter (United States),northamerica,us,
University of Northern Colorado,northamerica,us,
MD Precision (Canada),northamerica,ca,
University of the Incarnate Word,northamerica,us,
Lebanese International University,asia,lb,
Hochschule Bielefeld,europe,de,
Università degli Studi Suor Orsola Benincasa,europe,it,
East China University of Political Science and Law,asia,cn,
Giustino Fortunato University,europe,it,
École des Hautes Études en Santé Publique,europe,fr,
Naval Submarine Medical Research Laboratory,northamerica,us,
United States Army Combat Capabilities Development Command,northamerica,us,
Duksung Women's University,asia,kr,
Chatham University,northamerica,us,
Indian Institute of Management Bangalore,asia,in,
Intuitive Research and Technology Corporation (United States),northamerica,us,
"University of Minnesota, Duluth",northamerica,us,
Cheng Shiu University,asia,tw,
China University of Technology,asia,tw,
Information Technologies Institute,europe,gr,
Jönköping University,europe,se,
University of Basrah,asia,iq,
Punjab Engineering College,asia,in,
FX Palo Alto Laboratory,northamerica,us,
Institute for the Future,northamerica,us,
Institut Français,europe,fr,
Louisiana Tech University,northamerica,us,
Tobii (Sweden),europe,se,
Bernstein Center for Computational Neuroscience Heidelberg-Mannheim,europe,de,
Université Paris 8,europe,fr,
Riyadh Elm University,asia,sa,
Federal University Oye Ekiti,africa,ng,
Ekiti State University,africa,ng,
Emily Carr University of Art and Design,northamerica,ca,
Soongsil University,asia,kr,
Taipei Medical University,asia,tw,
Chitkara University,asia,in,
Siliwangi University,asia,id,
Universidade Católica Portuguesa,europe,pt,
National Centre for Research and Development,europe,pl,
Infant,europe,ie,
Research Manitoba,northamerica,ca,
Concert Pharmaceuticals (United States),northamerica,us,
ISPA - Instituto Universitário,europe,pt,
Keimyung University,asia,kr,
Film Independent,northamerica,us,
Max Planck Institute for the History of Science,europe,de,
Dicle University,asia,tr,
Laboratoire de Mathématiques Blaise Pascal,europe,fr,
Randolph–Macon College,northamerica,us,
Centre Atlantique de Philosophie,europe,fr,
Dordt University,northamerica,us,
West Chester University,northamerica,us,
Alfréd Rényi Institute of Mathematics,europe,hu,
Laboratoire Paul Painlevé,europe,fr,
California State University Los Angeles,northamerica,us,
Tecnológico de Estudios Superiores del Oriente del Estado de México,northamerica,mx,
Instituto de Estudios Universitarios,northamerica,mx,
Konica Minolta (Japan),asia,jp,
Kiryu University,asia,jp,
Uniwersytet Komisji Edukacji Narodowej w Krakowie,europe,pl,
Russian University of Transport,europe,ru,
Novosibirsk State University,europe,ru,
Imam Abdulrahman Bin Faisal University,asia,sa,
Ankara Sosyal Bilimler Üniversitesi,asia,tr,
United States Air Force Academy,northamerica,us,
Smithsonian Institution,northamerica,us,
"Instituto Federal de Educação, Ciência e Tecnologia do Ceará",southamerica,br,
University of Colorado Colorado Springs,northamerica,us,
University of Macerata,europe,it,
Pitzer College,northamerica,us,
National University of Quilmes,southamerica,ar,
"Savoirs, Textes, Langage",europe,fr,
Corpus Christi College,world,,
Texas A&M University – Kingsville,northamerica,us,
"Département mathématiques, informatique, sciences de la donnée et technologies du numérique",europe,fr,
Technological University of Mexico,northamerica,mx,
Bibliothèque Jacques Hadamard,europe,fr,
Texas A&M University at Galveston,northamerica,us,
Lviv Polytechnic National University,europe,ua,
University College Copenhagen,europe,dk,
University of Borås,europe,se,
Liceo scientifico statale Ulisse Dini,world,,
University of Nicosia,asia,cy,
"California State University, Long Beach",northamerica,us,
University of Indianapolis,northamerica,us,
TIBCO Software (United States),northamerica,us,
Mi̇lli̇ Eği̇ti̇m Bakanliği,asia,tr,
Farmingdale State College,northamerica,us,
Jerusalem College of Technology,asia,il,
Oranim Academic College of Education,asia,il,
Pomona College,northamerica,us,
Department of Mathematical Sciences,europe,ru,
Yozgat Bozok Üniversitesi,asia,tr,
Hunan Institute of Technology,asia,cn,
Universidade Federal de Santa Maria,southamerica,br,
University of Stirling,europe,gb,
Tiffin University,northamerica,us,
Kirinyaga University,africa,ke,
University of Bergamo,europe,it,
"Queensborough Community College, CUNY",northamerica,us,
Burdur Mehmet Akif Ersoy Üniversitesi,asia,tr,
Université d'Artois,europe,fr,
Resurrection University,northamerica,us,
R.V. College of Engineering,world,,
Universidade Estadual de Feira de Santana,southamerica,br,
University of Houston - Downtown,northamerica,us,
Hebei Normal University,asia,cn,
Collegio Carlo Alberto,europe,it,
University of Białystok,europe,pl,
Archives Henri-Poincaré - Philosophie et Recherches sur les Sciences et les Technologies,europe,fr,
Yerevan State University,asia,am,
Anhanguera-Uniderp University,southamerica,br,
University of Kalyani,asia,in,
Pontifícia Universidade Católica de São Paulo,southamerica,br,
Nihon University,asia,jp,
Conselho Nacional de Desenvolvimento Científico e Tecnológico,southamerica,br,
Erzincan Binali Yıldırım University,asia,tr,
Atatürk University,asia,tr,
Gottfried Wilhelm Leibniz Bibliothek,europe,de,
Clarte,europe,fr,
Dalle Molle Institute for Artificial Intelligence Research,europe,ch,
Université de Haute-Alsace,europe,fr,
University of Arkansas at Little Rock,northamerica,us,
FORS – Swiss Centre of Expertise in the Social Sciences,europe,ch,
KLA (United States),northamerica,us,
Grantham College,europe,gb,
German Climate Computing Centre,europe,de,
Netherlands Institute for Advanced Study in the Humanities and Social Sciences,europe,nl,
Oticon Medical (Denmark),europe,dk,
Shahid Rajaee Teacher Training University,asia,ir,
Universidad Pablo de Olavide,europe,es,
College of Western Idaho,northamerica,us,
Taiyuan University of Science and Technology,asia,cn,
Manouba University,africa,tn,
IMT Atlantique,europe,fr,
Centre Inria de l'Université de Lorraine,europe,fr,
Qilu University of Technology,asia,cn,
Chinese Academy of Civil Aviation Science and Technology,asia,cn,
Isra University,asia,pk,
Neijiang Normal University,asia,cn,
Koya University,asia,iq,
Ciena (Canada),northamerica,ca,
Centre de Recherche sur l'Information Scientifique et Technique,africa,dz,
Military Hospital of Tunis,africa,tn,
Universidade Federal de Ouro Preto,southamerica,br,
Bellevue College,northamerica,us,
Department of Archaeology,asia,lk,
Leeds General Infirmary,europe,gb,
Institute of Informatics and Telematics,europe,it,
Université de Bretagne Sud,europe,fr,
Institut des Sciences Moléculaires,europe,fr,
Università degli Studi eCampus,europe,it,
University of Sindh,asia,pk,
IBM Research (China),asia,cn,
Effat University,asia,sa,
"Islamic Azad University, Shahr-e-Qods Branch",asia,ir,
International Audio Laboratories Erlangen,europe,de,
OTH Regensburg,europe,de,
Beijing Electronic Science and Technology Institute,asia,cn,
China Information Technology Security Evaluation Center,asia,cn,
Centro de Tecnologia da Informação Renato Archer,southamerica,br,
Japan Advanced Institute of Science and Technology,asia,jp,
"Research Center for Information Technology Innovation, Academia Sinica",asia,tw,
Institut Teknologi dan Sains Mandala,world,,
Maharaja Ranjit Singh Punjab Technical University,asia,in,
Technicolor (Germany),europe,de,
Huawei Technologies (Germany),europe,de,
State Ethnic Affairs Commission,asia,cn,
National Chung Shan Institute of Science and Technology,asia,tw,
Data61,australasia,au,
Airbus (United Kingdom),europe,gb,
Austrian Research Institute for Artificial Intelligence,europe,at,
Radar (United States),northamerica,us,
ZTE (China),asia,cn,
San Diego Biomedical Research Institute,northamerica,us,
Better Education Inc,northamerica,us,
Instituto Nacional de Pesquisas Espaciais,southamerica,br,
Applied Science University,asia,bh,
Starkey Hearing Technologies (United States),northamerica,us,
Camden and Campbelltown Hospitals,australasia,au,
Süleyman Demirel Üniversitesi,asia,tr,
Hong Kong Chu Hai College,asia,hk,
VIT-AP University,world,,
Singidunum University,europe,rs,
Stuttgart Technical University of Applied Sciences,europe,de,
Sony Corporation (United States),northamerica,us,
Ningbo University,asia,cn,
Texas A&M University – Corpus Christi,northamerica,us,
Ørsted (Denmark),europe,dk,
Hvidovre Hospital,europe,dk,
Nanchang Hangkong University,asia,cn,
Anyang University,asia,kr,
Xihua University,asia,cn,
Antalya Bilim University,asia,tr,
Al-Balqa Applied University,asia,jo,
Østfold University of Applied Sciences,europe,no,
Seoul National University of Science and Technology,asia,kr,
University of Lethbridge,northamerica,ca,
Korea Aerospace University,asia,kr,
Mackay Medical University,asia,tw,
Zarqa University,asia,jo,
Düzce Üniversitesi,asia,tr,
Air University,asia,pk,
Comenius University Bratislava,europe,sk,
Rochester Institute of Technology - Dubai,asia,ae,
AAA College of Engineering and Technology,world,,
Noroff University College,europe,no,
Punjabi University,asia,in,
Academia Sinica,asia,tw,
Tableau Software (United States),northamerica,us,
Institut d'Astrophysique de Paris,europe,fr,
Huzhou Normal University,asia,cn,
London Ambulance Service NHS Trust,europe,gb,
Beijing University of Chinese Medicine,asia,cn,
Inner Mongolia Agricultural University,asia,cn,
Siemens (Romania),europe,ro,
Hochschule Osnabrück,europe,de,
Siemens (Austria),europe,at,
Alexandra Institute (Denmark),europe,dk,
Babasaheb Bhimrao Ambedkar University,asia,in,
West Virginia University Institute of Technology,northamerica,us,
Vietnam Posts and Telecommunications Group (Vietnam),asia,vn,
Vietnam Academy of Science and Technology,asia,vn,
Trinity College,northamerica,ca,
Beijing Jingshida Electromechanical Equipment Research Institute,asia,cn,
Jin Tech (South Korea),asia,kr,
Qatar Foundation,asia,qa,
National Engineering Laboratory of Deep Learning Technology and Application,asia,cn,
Karlsruhe University of Applied Sciences,europe,de,
Jagran Lakecity University,asia,in,
Max Planck Institute for Empirical Aesthetics,europe,de,
Communication University of China,asia,cn,
Hebei University of Technology,asia,cn,
Fraunhofer Institute for Computer Graphics Research,europe,de,
National Electronics and Computer Technology Center,asia,th,
DAV University,asia,in,
Brazilian Biosciences National Laboratory,southamerica,br,
Brazilian Agricultural Research Corporation,southamerica,br,
Allen Institute for Cell Science,northamerica,us,
Institute of Bioinformatics and Systems Biology,europe,de,
Christian Doppler Laboratory for Thermoelectricity,europe,at,
Munich Cluster for Systems Neurology,europe,de,
SUNY Upstate Medical University,northamerica,us,
InLight Solutions (United States),northamerica,us,
Gloucestershire Hospitals NHS Foundation Trust,europe,gb,
Leibniz Institute of Photonic Technology,europe,de,
Center for Systems Biology Dresden,europe,de,
Chan Zuckerberg Biohub San Francisco,northamerica,us,
Eunice Kennedy Shriver National Institute of Child Health and Human Development,northamerica,us,
Japan Agency for Medical Research and Development,asia,jp,
Morgridge Institute for Research,northamerica,us,
Stanford Health Care,northamerica,us,
VA Palo Alto Health Care System,northamerica,us,
Institute of Genetics and Cancer,europe,gb,
Hungarian Academy of Sciences,europe,hu,
United Nations University – Maastricht Economic and Social Research Institute on Innovation and Technology,europe,nl,
National Centre for Biological Sciences,asia,in,
Institute of Biophysics,asia,cn,
Coleman University,northamerica,us,
Institute of Cognitive and Brain Sciences,northamerica,us,
Vidrio (United States),northamerica,us,
MRC Laboratory for Molecular Cell Biology,europe,gb,
RIKEN Center for Biosystems Dynamics Research,asia,jp,
Center for the Neural Basis of Cognition,northamerica,us,
Montreal Neurological Institute and Hospital,northamerica,ca,
RIKEN Center for Brain Science,asia,jp,
SensoMotoric Instruments (Germany),europe,de,
Optica,northamerica,us,
MaRS,northamerica,ca,
Max Planck Institute for Plant Breeding Research,europe,de,
University of Silesia in Katowice,europe,pl,
Life Science Zurich,europe,ch,
National Institute of Mental Health,northamerica,us,
Invenio Imaging (United States),northamerica,us,
HUN-REN Szegedi Biológiai Kutatóközpont,europe,hu,
Max Planck Institute of Biochemistry,europe,de,
Zealand University Hospital,europe,dk,
Institute of Structural and Molecular Biology,europe,gb,
Oxford Brookes University,europe,gb,
Institute of Basic Medical Sciences of the Chinese Academy of Medical Sciences,world,,
Allen Institute,northamerica,us,
Barts Health NHS Trust,europe,gb,
Airedale General Hospital,europe,gb,
Control Vision (United States),northamerica,us,
Lancaster City Council,europe,gb,
Tonbridge School,europe,gb,
Center for Advanced Systems Understanding,europe,de,
American Academy of Arts and Sciences,northamerica,us,
National Association of Statutory Health Insurance Physicians,europe,de,
Diplomatic Academy of Vienna,europe,at,
Kempten University of Applied Sciences,europe,de,
European Academy of Technology and Innovation Assessment,europe,de,
Government of Lower Austria,europe,at,
Universität für Weiterbildung Krems,europe,at,
Children's Hospital of Philadelphia,northamerica,us,
University City Science Center,northamerica,us,
Thermo Fisher Scientific (Germany),europe,de,
Institut für Schlaganfall- und Demenzforschung,europe,de,
Institut für Klinische Neuroimmunologie,europe,de,
Harvard College Observatory,northamerica,us,
Carl Zeiss (United States),northamerica,us,
Harvard Bioscience (United States),northamerica,us,
Champalimaud Foundation,europe,pt,
Pittsburgh Supercomputing Center,northamerica,us,
Intelligent Light (United States),northamerica,us,
Texas A&M University System,northamerica,us,
Centre for Genomic Regulation,europe,es,
Biotechnology Institute,northamerica,us,
Max Delbrück Center,europe,de,
Copenhagen University Hospital,europe,dk,
University Hospital Zurich,europe,ch,
Sainsbury Wellcome Centre,europe,gb,
Neurogen Brain & Spine Institute,asia,in,
Institute of Molecular and Clinical Ophthalmology Basel,europe,ch,
Texas A&M Health Science Center,northamerica,us,
Nagoya City University,asia,jp,
Uppsala University Hospital,europe,se,
Translational Research in Oncology,europe,fr,
Grigore T. Popa University of Medicine and Pharmacy,europe,ro,
Nanoscale Microscopy and Molecular Physiology of the Brain Cluster of Excellence 171 — DFG Research Center 103,europe,de,
Human Media,northamerica,us,
Max Planck Institute for Brain Research,europe,de,
Max Planck Research Unit for Neurogenetics,europe,de,
Technologies pour la Santé,europe,fr,
Purchase College,northamerica,us,
Harvey Mudd College,northamerica,us,
Defence Research and Development Organisation,asia,in,
Google (Israel),asia,il,
St. Joseph's Hospital and Medical Center,northamerica,us,
Max Planck Florida Institute for Neuroscience,northamerica,us,
Sartorius (United Kingdom),europe,gb,
Deutsches Forschungsnetz,europe,de,
The Honourable Society of Lincoln's Inn,europe,gb,
Centre for Life,europe,gb,
Ducks Unlimited,northamerica,us,
RIKEN Center for Sustainable Resource Science,asia,jp,
Swedish Defence Research Agency,europe,se,
Miyagi University of Education,asia,jp,
Kao Corporation (Japan),asia,jp,
Kitasato Institute Hospital,asia,jp,
Max Planck Institute of Neurobiology,europe,de,
National Institute on Drug Abuse,northamerica,us,
Johnson & Johnson (United States),northamerica,us,
Gunma University,asia,jp,
Privolzhsky Research Medical University,europe,ru,
Max Planck Institute for the Science of Light,europe,de,
Tokyo Medical and Dental University,asia,jp,
Bruker (United States),northamerica,us,
Epsilon Systems (United States),northamerica,us,
University of the Western Cape,africa,za,
Faculty of Public Health,europe,gb,
Institute of Cancer Research,europe,gb,
Warwickshire Hospital,europe,gb,
Center for Open Science,northamerica,us,
Science Exchange (United States),northamerica,us,
South China Agricultural University,asia,cn,
"R.E. Kavetsky Institute of Experimental Pathology, Oncology and Radiobiology",europe,ua,
Bila Tserkva National Agrarian University,europe,ua,
National Institute of Allergy and Infectious Diseases,northamerica,us,
Meyer Children's Hospital,europe,it,
Università Campus Bio-Medico,europe,it,
Sir Run Run Shaw Hospital,asia,cn,
Edinburgh Cancer Research,europe,gb,
AIMST University,asia,my,
Novosibirsk Institute of Organic Chemistry,europe,ru,
Wenzhou Medical University,asia,cn,
PicoQuant (Germany),europe,de,
Temasek Life Sciences Laboratory,asia,sg,
Chinese Institute for Brain Research,asia,cn,
South China Institute of Collaborative Innovation,asia,cn,
Suita Municipal Hospital,asia,jp,
East Asia Research,asia,sg,
Mount Sinai Hospital,northamerica,ca,
Genentech,world,,
Ludwig Cancer Research,europe,ch,
Zhejiang Cancer Hospital,asia,cn,
Center for Food Safety and Applied Nutrition,northamerica,us,
Unilever (Netherlands),europe,nl,
Nestlé (United States),northamerica,us,
Exponent (United States),northamerica,us,
Center for Biologics Evaluation and Research,northamerica,us,
National Institute of Food Technology Entrepreneurship and Management,asia,in,
University of North Carolina Wilmington,northamerica,us,
Centro de Ciências do Mar do Algarve,world,,
Australian Institute of Marine Science,australasia,au,
St. Joseph Dental College,asia,in,
Indian Institute of Toxicology Research,asia,in,
"Agence Nationale de Sécurité Sanitaire de l’Alimentation, de l’Environnement et du Travail",europe,fr,
Public Health England,europe,gb,
Public Health Agency of Canada,northamerica,ca,
Santé Publique France,europe,fr,
Na Homolce Hospital,europe,cz,
Innovative Genomics Institute,northamerica,us,
Ente Ospedaliero Cantonale,europe,ch,
Synlogic (United States),northamerica,us,
Institute of Oncology Research,europe,ch,
"Department of Physics, Mathematics and Informatics",europe,by,
Cotton Research Institute,asia,cn,
University of Lahore,asia,pk,
"Centre of Excellence for Biosensors, Instrumentation and Process Control",europe,si,
City of Hope,northamerica,us,
Korea Research Institute of Bioscience and Biotechnology,asia,kr,
Rama Devi Women's University,asia,in,
Baruch S. Blumberg Institute,northamerica,us,
Discovery Institute,northamerica,us,
University of Kalamoon,asia,sy,
University of Karachi,asia,pk,
Tianjin University of Science and Technology,asia,cn,
Royal Netherlands Academy of Arts and Sciences,europe,nl,
Princess Máxima Center,europe,nl,
Chinese Center For Disease Control and Prevention,asia,cn,
Cancer Treatment Centers of America,northamerica,us,
Piedmont Atlanta Hospital,northamerica,us,
Swedish Medical Center,northamerica,us,
Zhejiang Provincial People's Hospital,asia,cn,
Institute of Oncology Ljubljana,europe,si,
James Cook University Hospital,europe,gb,
München Klinik,europe,de,
Instituto Português de Oncologia Francisco Gentil,europe,pt,
Fundación Chile,southamerica,cl,
Spice and Beverage Research Institute,asia,cn,
Centro Universitário da Cidade,southamerica,br,
Io Therapeutics (United States),northamerica,us,
Nagaoka University,asia,jp,
QIMR Berghofer Medical Research Institute,australasia,au,
Universidad de La Frontera,southamerica,cl,
Universidade de Ribeirão Preto,southamerica,br,
Universidad de Sonora,northamerica,mx,
Frederick National Laboratory for Cancer Research,northamerica,us,
Virginia–Maryland College of Veterinary Medicine,northamerica,us,
Kurukshetra University,asia,in,
Central University of Haryana,asia,in,
University of Calcutta,asia,in,
Novozymes (Denmark),europe,dk,
Novozymes (United States),northamerica,us,
Universidade Federal do Pará,southamerica,br,
Yakult Central Institute,asia,jp,
"The University of Agriculture, Peshawar",asia,pk,
Hubei Academy of Agricultural Sciences,asia,cn,
Medicago (Canada),northamerica,ca,
Cluster of Excellence on Plant Sciences,europe,de,
Chr. Hansen (Denmark),europe,dk,
Bayerische Staatssammlung für Paläontologie und Geologie,europe,de,
Austrian Agency for Health and Food Safety,europe,at,
University Hospital Münster,europe,de,
Leibniz-Institut für Naturstoff-Forschung und Infektionsbiologie e. V. - Hans-Knöll-Institut (HKI),europe,de,
ABEnzymes (Germany),europe,de,
Centro de Investigaciones Biológicas Margarita Salas,europe,es,
Ceratizit (Luxembourg),europe,lu,
St. Jude Children's Research Hospital,northamerica,us,
Iran University of Medical Sciences,asia,ir,
Golestan University,asia,ir,
Ministry of Agriculture and Rural Affairs,asia,cn,
Shiraz University of Medical Sciences,asia,ir,
Singapore General Hospital,asia,sg,
Lumicell (United States),northamerica,us,
"""Dunarea de Jos"" University of Galati",europe,ro,
University of Sargodha,asia,pk,
University of Life Sciences in Poznań,europe,pl,
University of Agriculture Faisalabad,asia,pk,
"Government College University, Faisalabad",asia,pk,
Centre for Biomedical Network Research on Rare Diseases,europe,es,
Instituto de Investigación Biomédica de Málaga,europe,es,
Instituto di Biofisica,europe,es,
Istituto di Biomedicina e di Immunologia Molecolare Alberto Monroy,europe,it,
Central Plantation Crops Research Institute,asia,in,
Tamil Nadu Veterinary and Animal Sciences University,asia,in,
Indian Institute of Plantation Management,asia,in,
Institute of Urban Environment,asia,cn,
Water Resources Commission of Ghana,africa,gh,
International Life Sciences Institute Europe,europe,be,
Department of Health and Aged Care,australasia,au,
Nanyang Polytechnic,asia,sg,
Mondelēz International (Germany),europe,de,
KWR Water Research Institute,europe,nl,
University College West Flanders,europe,be,
Centro Tecnológico de Automoción de Galicia,europe,es,
Food Industry Research and Development Institute,asia,tw,
Max Rubner Institut,europe,de,
Hasanuddin University,asia,id,
International Rice Research Institute,asia,ph,
National Institute of Agricultural Botany,europe,gb,
National Health Research Institutes,asia,tw,
Institute for Bioprocessing and Analytical Measurement Techniques,europe,de,
German Institute of Food Technologies,europe,de,
Southern Taiwan Science Park,asia,tw,
Tamil Nadu Agricultural University,asia,in,
Indira Gandhi Medical College,asia,in,
"University of Education, Winneba",africa,gh,
Kwame Nkrumah University of Science and Technology,africa,gh,
Kumasi Centre for Collaborative Research in Tropical Medicine,africa,gh,
Institute of Medical Sciences,asia,in,
Islamic Azad University Medical Branch of Tehran,asia,ir,
Iranian Research Organization for Science and Technology,asia,ir,
Institute of Himalayan Bioresource Technology,asia,in,
Eternal University,asia,in,
National Institute of Pharmaceutical Education and Research,asia,in,
Federal Institute for Risk Assessment,europe,de,
Leibniz Institute for Agricultural Engineering and Bioeconomy,europe,de,
Paul Ehrlich Institut,europe,de,
Hewlett-Packard (Austria),europe,at,
"St George's, University of London",europe,gb,
Polymun (Austria),europe,at,
TRM (United Kingdom),europe,gb,
Instituto de Investigación en Ciencias de la Alimentación,europe,es,
American Farm School,europe,gr,
Jacksonville College,northamerica,us,
Fraunhofer Institute for Molecular Biology and Applied Ecology,europe,de,
Chang Gung University,asia,tw,
National Cheng Kung University Hospital,asia,tw,
Chi Mei Medical Center,asia,tw,
Fondazione IRCCS Ca' Granda Ospedale Maggiore Policlinico,europe,it,
Azienda USL di Bologna,europe,it,
University of Washington Medical Center,northamerica,us,
Anhui Medical University,asia,cn,
Polaris (United States),northamerica,us,
Chang Gung Memorial Hospital,asia,tw,
Instituto Federal do Paraná,southamerica,br,
Instituto Federal do Rio de Janeiro,southamerica,br,
Seton Hall University,northamerica,us,
Northeastern State University,northamerica,us,
Kaohsiung Chang Gung Memorial Hospital,asia,tw,
IRCCS Ospedale San Raffaele,europe,it,
National Health Laboratory Service,africa,za,
Center for Global Health,northamerica,us,
Tshwane University of Technology,africa,za,
Star Technology and Research (United States),northamerica,us,
University of Warmia and Mazury in Olsztyn,europe,pl,
University of Central Punjab,asia,pk,
University of Gujrat,asia,pk,
University of Veterinary and Animal Sciences,asia,pk,
Huaiyin Institute of Technology,asia,cn,
Kemerovo State University,europe,ru,
University of Foggia,europe,it,
National Veterinary Research Institute,europe,pl,
Maharaja Sriram Chandra Bhanja Deo University,asia,in,
Birla Institute of Scientific Research,asia,in,
Grimsby Institute,europe,gb,
Instituto Politécnico de Leiria,europe,pt,
Panjab University,asia,in,
University of Agriculture in Krakow,europe,pl,
Universidad Cardenal Herrera CEU,europe,es,
Centro Nacional de Biotecnología,europe,es,
Quantitative BioSciences,northamerica,us,
National Engineering Research Center for Nanotechnology,asia,cn,
Guangzhou First People's Hospital,asia,cn,
Academy of Medical Sciences,europe,gb,
Shanghai Changzheng Hospital,asia,cn,
Texas Children's Hospital,northamerica,us,
Department of Biotechnology,asia,in,
First Affiliated Hospital of Heilongjiang University of Chinese Medicine,asia,cn,
First Hospital of Qinhuangdao,asia,cn,
Wuhan Union Hospital,asia,cn,
Linyi City Chinese Medicine Hospital,asia,cn,
Universitat de Miguel Hernández d'Elx,europe,es,
Japan Women's University,asia,jp,
Technological Educational Institute of Peloponnese,europe,gr,
Hubei Normal University,asia,cn,
Punjab Agricultural University,asia,in,
Hubei University,asia,cn,
Austrian Centre of Industrial Biotechnology (Austria),europe,at,
Leibniz Centre for Tropical Marine Research,europe,de,
Institute for Biodiversity,europe,de,
Royal Netherlands Institute for Sea Research,europe,nl,
Southlake Regional Health Center,northamerica,ca,
Rhön-Klinikum,europe,de,
Galaxy Biotech (United States),northamerica,us,
Technological University Dublin,europe,ie,
Nestlé (Germany),europe,de,
Wroclaw University of Economics and Business,europe,pl,
National Formosa University,asia,tw,
Northwest A&F University,asia,cn,
Universidade Federal da Integração Latino-Americana,southamerica,br,
University of Zululand,africa,za,
IBAT College,europe,ie,
Peter MacCallum Cancer Centre,australasia,au,
Saint Joseph University,asia,lb,
Wuhan Polytechnic University,asia,cn,
Munster Technological University,europe,ie,
Ecolab (United States),northamerica,us,
Ripple (United States),northamerica,us,
Changsha Medical University,asia,cn,
Dayananda Sagar University,asia,in,
University of Mississippi Medical Center,northamerica,us,
Nuclear Institute for Agriculture and Biology,asia,pk,
World Health Organization - Pakistan,asia,pk,
Hôpital Necker-Enfants Malades,europe,fr,
Haier Group (China),asia,cn,
Stazione Zoologica Anton Dohrn,europe,it,
Instituto Tecnológico de Tepic,northamerica,mx,
Instituto Tecnológico de Veracruz,northamerica,mx,
PAMM,europe,nl,
Surgimab (France),europe,fr,
Institut de Recherche en Cancérologie de Montpellier,europe,fr,
Centre for Human Drug Research,europe,nl,
Interuniversity Consortium for Magnetic Resonance,europe,it,
NovoBiotic Pharmaceuticals,northamerica,us,
Chonnam National University Hospital,asia,kr,
Fraunhofer Institute for Cell Therapy and Immunology,europe,de,
Minnesota Department of Health,northamerica,us,
Arizona Department of Health Services,northamerica,us,
New Mexico Department of Health,northamerica,us,
Minnesota Department of Agriculture,northamerica,us,
Universidade Federal Rural do Rio de Janeiro,southamerica,br,
Riddet Institute,australasia,nz,
International Society for Infectious Diseases,northamerica,us,
Center for Physical Sciences and Technology,europe,lt,
Institute of Natural Fibres and Medicinal Plants,europe,pl,
Agharkar Research Institute,asia,in,
Écologie Marine Tropicale des Océans Pacifique et Indien,africa,re,
Naresuan University,asia,th,
University of Fort Hare,africa,za,
Innovation Team (China),asia,cn,
Guangxi Subtropical Crops Research Institute,asia,cn,
Institute of Bast Fiber Crops,asia,cn,
"National Institute of Food Technology, Entrepreneurship and Management - Thanjavur",asia,in,
Roslin Institute,europe,gb,
College of American Pathologists,northamerica,us,
Children's Hospital Colorado,northamerica,us,
BGI Group (China),asia,cn,
UK Biobank,europe,gb,
Illumina (United Kingdom),europe,gb,
Massachusetts Department of Public Health,northamerica,us,
Humanitas University,europe,it,
Research Institute Hospital 12 de Octubre,europe,es,
HudsonAlpha Institute for Biotechnology,northamerica,us,
Centre international de recherche sur le cancer,europe,fr,
State Key Laboratory of Plant Physiology and Biochemistry,world,,
Ulster Hospital,europe,gb,
Centre Hospitalier Régional et Universitaire de Nancy,europe,fr,
RIKEN Center for Integrative Medical Sciences,asia,jp,
Leibniz-Institut für Pflanzengenetik und Kulturpflanzenforschung (IPK),europe,de,
KWS Saat (Germany),europe,de,
Pirkanmaa Hospital District,europe,fi,
Hospital for Sick Children,northamerica,ca,
J. Craig Venter Institute,northamerica,us,
Huntsman Cancer Institute,northamerica,us,
Impact,northamerica,ca,
Institut universitaire de cardiologie et de pneumologie de Québec,northamerica,ca,
MRC Epidemiology Unit,europe,gb,
Institute for Systems Biology,northamerica,us,
IRCCS Materno Infantile Burlo Garofolo,europe,it,
Zhejiang Center for Disease Control and Prevention,asia,cn,
Semmelweis University,europe,hu,
Autism & Developmental Medicine Institute,northamerica,us,
Quest Diagnostics (United States),northamerica,us,
Lineage Cell Therapeutics (United States),northamerica,us,
Children's Hospital of Los Angeles,northamerica,us,
Invitae (United States),northamerica,us,
Research Triangle Park Foundation,northamerica,us,
GlaxoSmithKline (United States),northamerica,us,
PHG Foundation,europe,gb,
Open Targets,europe,gb,
Institut de Génétique Moléculaire de Montpellier,europe,fr,
University of Applied Sciences Leiden,europe,nl,
Patient Advocate Foundation,northamerica,us,
University of Arkansas for Medical Sciences,northamerica,us,
American College of Medical Genetics,northamerica,us,
Agricultural Research Service,northamerica,us,
Northeast Agricultural University,asia,cn,
Translational Therapeutics (United States),northamerica,us,
Salem Hospital,northamerica,us,
Regeneron (United States),northamerica,us,
Dartmouth–Hitchcock Medical Center,northamerica,us,
McGill Genome Centre,northamerica,ca,
Kaiser Permanente,northamerica,us,
Colorado School of Public Health,northamerica,us,
National Institute of Diabetes and Digestive and Kidney Diseases,northamerica,us,
Center for Regenerative Therapies Dresden,europe,de,
Jiangsu Provincial Center for Disease Control and Prevention,asia,cn,
Hubei Provincial Center for Disease Control and Prevention,asia,cn,
Institute of Microbiology,asia,cn,
CanSino (China),asia,cn,
Beijing Institute of Education,asia,cn,
Hospital of the University of Pennsylvania,northamerica,us,
California Pacific Medical Center,northamerica,us,
Haukeland University Hospital,europe,no,
Spark Therapeutics (United States),northamerica,us,
Springhouse,northamerica,us,
Janssen (United States),northamerica,us,
Cook Biotech (United States),northamerica,us,
West China Medical Center of Sichuan University,asia,cn,
Jerusalem Institute for Israel Studies,asia,il,
23andMe (United States),northamerica,us,
VA San Diego Healthcare System,northamerica,us,
Hospital for Special Surgery,northamerica,us,
National Bureau of Economic Research,northamerica,us,
Netherlands Heart Institute,europe,nl,
Centre for Mental Health,europe,gb,
Southwest Minzu University,asia,cn,
Max Planck Institute of Immunobiology and Epigenetics,europe,de,
Cedars-Sinai Medical Center,northamerica,us,
Janssen (Netherlands),europe,nl,
Breakthrough T1D,northamerica,us,
American Diabetes Association,northamerica,us,
Virginia Mason Medical Center,northamerica,us,
Chelsea and Westminster Hospital,europe,gb,
"The General Hospital of Heraklion ""Venizeleio-Pananio""",europe,gr,
Klinikum Lüneburg,europe,de,
Hull and East Yorkshire Hospitals NHS Trust,europe,gb,
Algarve Biomedical Center,europe,pt,
Agaplesion Markus Hospital,europe,de,
Florida Gulf Coast University,northamerica,us,
Connecticut Agricultural Experiment Station,northamerica,us,
Vector (United States),northamerica,us,
Padjadjaran University,asia,id,
Children's Mercy Hospital,northamerica,us,
VA Connecticut Healthcare System,northamerica,us,
Veterans Health Administration,northamerica,us,
Nemours Children's Health System,northamerica,us,
Connecticut Children's Medical Center,northamerica,us,
Erasmus MC - Sophia Children’s Hospital,europe,nl,
Doernbecher Children's Hospital,northamerica,us,
Väestöliitto,europe,fi,
Centre for Global Health Research,northamerica,ca,
University of Veterinary Medicine Vienna,europe,at,
Fondation Jean Dausset-CEPH,europe,fr,
Pathway Genomics (United States),northamerica,us,
Nestlé (Switzerland),europe,ch,
Ottawa Hospital,northamerica,ca,
Maastricht University Medical Centre,europe,nl,
Tartu University Hospital,europe,ee,
deCODE Genetics (Iceland),europe,is,
Benaroya Research Institute,world,,
KineMed (United States),northamerica,us,
UNC Lineberger Comprehensive Cancer Center,world,,
Arthritis Foundation,northamerica,us,
Jewish General Hospital,northamerica,ca,
Japan Society for the Promotion of Science,asia,jp,
NHS England,world,,
Portsmouth Hospitals NHS Trust,europe,gb,
NHS Digital,europe,gb,
Diabetes UK,europe,gb,
Imperial College Healthcare NHS Trust,europe,gb,
Naturalis Biodiversity Center,europe,nl,
Charles R. Drew University of Medicine and Science,northamerica,us,
Triemli Hospital,europe,ch,
National University Hospital,asia,sg,
Henan Agricultural University,asia,cn,
University of Papua New Guinea,australasia,pg,
Medical Genetics Center,europe,de,
National Institute for Mathematical and Biological Synthesis,northamerica,us,
Museum of Vertebrate Zoology,northamerica,us,
Bharathidasan University,asia,in,
Imelda Hospital,europe,be,
AZ Delta,europe,be,
Bezmiâlem Vakıf Üniversitesi,asia,tr,
Agostino Gemelli University Polyclinic,europe,it,
Oxford University Hospitals NHS Trust,europe,gb,
AbbVie (United States),northamerica,us,
National Cerebral and Cardiovascular Center,asia,jp,
Fujita Health University,asia,jp,
Pacific Northwest Diabetes Research Institute,northamerica,us,
Ambry Genetics (United States),northamerica,us,
Mass General Brigham,northamerica,us,
Whitehead Institute for Biomedical Research,northamerica,us,
National Human Genome Research Institute,northamerica,us,
Seattle Children's Hospital,northamerica,us,
American Society of Human Genetics,northamerica,us,
GGZ inGeest,europe,nl,
Australian Museum,australasia,au,
Tarımsal Araştırmalar ve Politikalar Genel Müdürlüğü,asia,tr,
Van Yüzüncü Yıl Üniversitesi,asia,tr,
Bahauddin Zakariya University,asia,pk,
Washington State University Spokane,northamerica,us,
SomaLogic (United States),northamerica,us,
Genos (Croatia),europe,hr,
Hamad Medical Corporation,asia,qa,
Zimmer Biomet (Netherlands),europe,nl,
Child Health and Development Institute,northamerica,us,
Laboratoire COBRA,europe,fr,
"i3S - Instituto de Investigação e Inovação em Saúde, Universidade do Porto",europe,pt,
Max Planck Institute for Evolutionary Anthropology,europe,de,
Emil Racovita Institute of Speleology,europe,ro,
Tarzana Treatment Centers,northamerica,us,
Azienda Ospedaliero-Universitaria Careggi,europe,it,
Rotterdam University of Applied Sciences,europe,nl,
University Hospital of Heraklion,europe,gr,
Donauspital,europe,at,
Addenbrooke's Hospital,europe,gb,
Klinikum Braunschweig,europe,de,
University Hospital Innsbruck,europe,at,
Ahvaz Jundishapur University of Medical Sciences,asia,ir,
Dana-Farber/Harvard Cancer Center,northamerica,us,
Cancer Research And Biostatistics,northamerica,us,
Tempus Labs (United States),northamerica,us,
UC San Diego Health System,northamerica,us,
Fondazione Humanitas per la Ricerca,europe,it,
Takeda (United Kingdom),europe,gb,
Wharton County Junior College,northamerica,us,
10X Genomics (United States),northamerica,us,
University Medical Center Freiburg,europe,de,
Juntendo University,asia,jp,
Hellenic Center for Disease Control & Prevention,europe,gr,
MACOM (United States),northamerica,us,
Queen's Medical Centre,europe,gb,
March of Dimes,northamerica,us,
Andrija Stampar Teaching Institute of Public Health,europe,hr,
Public Health Foundation of India,asia,in,
Torrey Pines Institute For Molecular Studies,northamerica,us,
Reading Hospital,northamerica,us,
Berlin Brandenburg Institute of Advanced Biodiversity Research,europe,de,
Peking University Shenzhen Hospital,asia,cn,
Monash Institute of Medical Research,australasia,au,
Ospedale D. Cotugno,europe,it,
Southampton General Hospital,europe,gb,
"Ragon Institute of MGH, MIT and Harvard",northamerica,us,
Melbourne Sexual Health Centre,australasia,au,
GGD Amsterdam,europe,nl,
San Francisco Department of Public Health,northamerica,us,
National Institute for Research in Reproductive Health,asia,in,
Safdarjang Hospital,asia,in,
World Health Organization Regional Office for the Americas,northamerica,us,
Yeungnam University Medical Center,asia,kr,
Brazilian Center for Research in Energy and Materials,southamerica,br,
Singapore Eye Research Institute,asia,sg,
The Ohio State University Wexner Medical Center,northamerica,us,
Primary Children's Hospital,northamerica,us,
Detroit Medical Center,northamerica,us,
Loyola University Medical Center,northamerica,us,
Rhode Island Hospital,northamerica,us,
Johns Hopkins Hospital,northamerica,us,
Queen's Medical Center,northamerica,us,
BioFire Diagnostics (United States),northamerica,us,
BioTechMed-Graz,europe,at,
Association of Dutch Burn Centres,europe,nl,
Burnet Institute,australasia,au,
National Center for HIV/AIDS Viral Hepatitis STD and TB Prevention,northamerica,us,
National Center for Immunization and Respiratory Diseases,northamerica,us,
Hepatitis B Foundation,northamerica,us,
Cotton (United States),northamerica,us,
InterAmerican University of Puerto Rico,northamerica,pr,
Max Planck Institute for Chemical Ecology,europe,de,
Shandong Xiehe University,asia,cn,
Shanghai University of Traditional Chinese Medicine,asia,cn,
RISE Research Institutes of Sweden,europe,se,
Shandong Maternal and Child Health Hospital,asia,cn,
San Francisco General Hospital,northamerica,us,
Oxford University Clinical Research Unit,asia,vn,
Cappadocia University,asia,tr,
Human Genome Sciences (United States),northamerica,us,
Indiana University Health,northamerica,us,
National Center for Emerging and Zoonotic Infectious Diseases,northamerica,us,
National Center for Chronic Disease Prevention and Health Promotion,northamerica,us,
Eugene Applebaum College of Pharmacy and Health Sciences,northamerica,us,
Centre for the AIDS Programme of Research in South Africa,africa,za,
Institute of Infection and Immunity,northamerica,ca,
Zoetis (United States),northamerica,us,
Feed Research Institute,asia,cn,
Institute of Bioengineering and Nanotechnology,asia,sg,
Tel Aviv Sourasky Medical Center,asia,il,
Baqiyatallah University of Medical Sciences,asia,ir,
Pasteur Institute of Iran,asia,ir,
Istituto Pasteur,europe,it,
University of Tennessee at Chattanooga,northamerica,us,
Ministère des Ressources naturelles et des Forêts (Québec),northamerica,ca,
North Memorial Medical Center,northamerica,us,
Universidade Católica Dom Bosco,southamerica,br,
SeqOmics Biotechnology (Hungary),europe,hu,
Mukogawa Women's University,asia,jp,
Intravacc (Netherlands),europe,nl,
Open Data Institute,europe,gb,
Örebro University Hospital,europe,se,
Igenomix,europe,es,
Instituto Nacional de Investigación y Tecnología Agraria y Alimentaria,europe,es,
Institute of Biomedical Technologies,europe,it,
State Research Center for Dermatovenereology and Cosmetology,europe,ru,
University of Chittagong,asia,bd,
Virgin Care,europe,gb,
Netherlands Institute for Neuroscience,europe,nl,
Universidade Católica de Brasília,southamerica,br,
California Institute for Biomedical Research,northamerica,us,
Instituto Costarricense de Investigación y Enseñanza en Nutrición y Salud,northamerica,cr,
Roche (United States),northamerica,us,
Austrian Society of Dermatology and Venereology,europe,at,
University Hospitals Birmingham NHS Foundation Trust,europe,gb,
Providence College,northamerica,us,
SDN Istituto di Ricerca Diagnostica e Nucleare,europe,it,
University of Peshawar,asia,pk,
Osaka Nishi Clinic,asia,jp,
Médipole Garonne,europe,fr,
Oasis of Hope Hospital,northamerica,mx,
Pacific Centre for Reproductive Medicine,northamerica,ca,
Sapporo Higashi Tokushukai Hospital,asia,jp,
National Archives and Records Administration,northamerica,us,
National Institute of Infectious Diseases,asia,jp,
Prince of Wales Hospital,australasia,au,
Manaaki Whenua – Landcare Research,australasia,nz,
Louisiana State University Health Sciences Center New Orleans,northamerica,us,
Centre Pasteur du Cameroun,africa,cm,
McMaster University Medical Centre,northamerica,ca,
Buckinghamshire Healthcare NHS Trust,europe,gb,
Leeds Teaching Hospitals NHS Trust,europe,gb,
Kunming Medical University,asia,cn,
National Institute of Genetics,asia,jp,
Cooperativa de Ensino Superior Politécnico e Universitário,europe,pt,
New York State Department of Health,northamerica,us,
Institute of Experimental Medicine,europe,ru,
Institute of Chemistry of Silicates named after I.V. Grebenshchikov,europe,ru,
Saint Petersburg Academic University,europe,ru,
Institute of Cytology,europe,ru,
TuBerculosis Vaccine Initiative,europe,nl,
James S. McDonnell Foundation,northamerica,us,
New South Wales Department of Health,australasia,au,
Administración Nacional de Laboratorios e Institutos de Salud,southamerica,ar,
University of Zimbabwe,africa,zw,
Médecins Sans Frontières,europe,ch,
International Vaccine Institute,asia,kr,
Zunyi Medical University,asia,cn,
Universidad San Francisco de Quito,southamerica,ec,
Federico II University Hospital,europe,it,
Jiangsu University of Technology,asia,cn,
Manchester Royal Infirmary,europe,gb,
Instituto de Salud Pública de Chile,southamerica,cl,
University of the East Ramon Magsaysay Memorial Medical Center,asia,ph,
Instituto Nacional de Salud Pública,northamerica,mx,
Meningitis Research Foundation,europe,gb,
Meningitis Now,europe,gb,
Bangladesh Shishu (Children) Hospital & Institute,asia,bd,
Instituto de Salud Carlos III,europe,es,
Respiratory and Meningeal Pathogens Research Unit,africa,za,
Faculdade de Ciências Médicas da Santa Casa de São Paulo,southamerica,br,
Women's and Children's Health Network,australasia,au,
National Institute for Communicable Disease Control and Prevention,asia,cn,
State Key Laboratory of Diagnosis and Treatment of Infectious Diseases,world,,
Thomas Jefferson University Hospital,northamerica,us,
Zhejiang International Studies University,asia,cn,
Klinički bolnički centar Osijek,europe,hr,
University North,europe,hr,
American Veterinary Medical Association,northamerica,us,
Kenyatta National Hospital,africa,ke,
Kenya Medical Research Institute,africa,ke,
Cape Town HVTN Immunology Laboratory / Hutchinson Centre Research Institute of South Africa,africa,za,
American Society For Engineering Education,northamerica,us,
Kaiser Permanente Oakland Medical Center,northamerica,us,
Central and North West London NHS Foundation Trust,europe,gb,
University Hospitals Sussex NHS Foundation Trust,europe,gb,
Sexual Health Clinic,europe,fi,
Istituto Nazionale Biostrutture e Biosistemi,europe,it,
CEINGE Biotecnologie Avanzate Franco Salvatore (Italy),europe,it,
Intensive Care Foundation,australasia,au,
Asian Institute of Public Health,asia,in,
Ispat General Hospital,asia,in,
Isala,europe,nl,
Elisabeth-TweeSteden Ziekenhuis,europe,nl,
Salford Royal NHS Foundation Trust,europe,gb,
St Mary's Hospital,europe,gb,
Department of Science and Technology,asia,in,
Tecrea (United Kingdom),europe,gb,
Indian Veterinary Research Institute,asia,in,
Texas Department of State Health Services,northamerica,us,
Phenikaa University,asia,vn,
GlaxoSmithKline (Italy),europe,it,
Asian University for Women,asia,bd,
Shanghai Institute of Pharmaceutical Industry,asia,cn,
Regional Hospital Central Jutland,europe,dk,
"Center for Disease Dynamics, Economics & Policy",northamerica,us,
Tbilisi State University,asia,ge,
Walter Reed Army Institute of Research,northamerica,us,
Cherokee Nation,northamerica,us,
Medical University of Białystok,europe,pl,
Women's Health In Women's Hands,northamerica,ca,
Hospital de São João,europe,pt,
European Centre for Disease Prevention and Control,europe,se,
Queensland Health,australasia,au,
Sri Guru Granth Sahib World University,asia,in,
Shahid Beheshti University of Medical Sciences,asia,ir,
World Health Organization Regional Office for Africa,africa,cg,
United States Department of Labor,northamerica,us,
Genexine (South Korea),asia,kr,
Olympus (Germany),europe,de,
Gastroenterología Diagnóstica Terapeútica,southamerica,ar,
Paris Biotech Santé,europe,fr,
Hôpital Edouard Herriot,europe,fr,
Institut Arnault Tzanck,europe,fr,
St Woolos Hospital,europe,gb,
University Centre of Legal Medicine,europe,ch,
Dr. August Wolff (Germany),europe,de,
University of Atlántico,southamerica,co,
Alexandru Ioan Cuza University,europe,ro,
Universidade Federal de Juiz de Fora,southamerica,br,
Africa Health Research Institute,africa,za,
Instituut voor Tropische Geneeskunde,europe,be,
Insilicogen (South Korea),asia,kr,
Instituto Adolfo Lutz,southamerica,br,
United States Military Academy,northamerica,us,
Competence Centre on Health Technologies (Estonia),europe,ee,
Hôpital l'Archet,europe,fr,
Dr Lütfi Kırdar Kartal Eğitim ve Araştırma Hastanesi,asia,tr,
Laboratoire Traitement du Signal et de l'Image,europe,fr,
Centre Hospitalier Universitaire de Reims,europe,fr,
CIC Rennes,europe,fr,
Hôpital Pontchaillou,europe,fr,
Centro de Neurociências e Biologia Celular,europe,pt,
OsloMet – Oslo Metropolitan University,europe,no,
Osaka Prefectural Institute of Public Health,asia,jp,
Royal Women's Hospital,australasia,au,
Cohen Children's Medical Center,northamerica,us,
Gdańsk Medical University,europe,pl,
Quadram Institute,europe,gb,
Earlham Institute,europe,gb,
Friedrich-Loeffler-Institut,europe,de,
Mediterranean Institute for Advanced Studies,europe,es,
Los Angeles LGBT Center,northamerica,us,
NovaDigm Therapeutics (United States),northamerica,us,
BMC Software (United States),northamerica,us,
Research Foundation for the State University of New York,northamerica,us,
Community Medical Center,northamerica,us,
Aviation General Hospital,asia,cn,
Glasgow Centre for Population Health,europe,gb,
Sanofi (France),europe,fr,
Ifakara Health Institute,africa,tz,
Global Alliance for Rabies Control,northamerica,us,
Pan American Health Organization (Brasil),southamerica,br,
Institut Pasteur du Cambodge,asia,kh,
Swiss Tropical and Public Health Institute,europe,ch,
National Institute of Health Dr. Ricardo Jorge,europe,pt,
American University of Nigeria,africa,ng,
Nnamdi Azikiwe University,africa,ng,
University Hospital Cologne,europe,de,
Celldex Therapeutics (United States),northamerica,us,
Irrua Specialist Teaching Hospital,africa,ng,
Nigeria Centre for Disease Control,africa,ng,
Korea National Institute of Health,asia,kr,
IrsiCaixa,europe,es,
Universitat de Vic - Universitat Central de Catalunya,europe,es,
Mortimer Market Centre,europe,gb,
Fundació Lluita contra les Infeccions,europe,es,
Niger Delta University,africa,ng,
University of Malawi,africa,mw,
National Institute of Biomedical Research,africa,cd,
Istituto Nazionale per le Malattie Infettive Lazzaro Spallanzani,europe,it,
Ospedale San Donato,europe,it,
Policlinico Umberto I,europe,it,
Collaborative Group (United States),northamerica,us,
Strand Life Sciences (India),asia,in,
CureVac (Germany),europe,de,
Bionor (Norway),europe,no,
Office of Infectious Diseases,northamerica,us,
Federal Medical Centre,africa,ng,
Rivers State University,africa,ng,
University of Port Harcourt Teaching Hospital,africa,ng,
Oregon National Primate Research Center,northamerica,us,
Gilead Sciences (United States),northamerica,us,
Swiss Vaccine Research Institute,europe,ch,
International AIDS Vaccine Initiative,northamerica,us,
Vedantra Pharmaceuticals (United States),northamerica,us,
Azienda Ospedaliero-Universitaria delle Marche,europe,it,
Vaccine & Gene Therapy Institute of Florida,northamerica,us,
Blackpool Teaching Hospitals NHS Foundation Trust,europe,gb,
Ministry of Defence,europe,gb,
Siga Technologies (United States),northamerica,us,
European Union,europe,be,
Thai Red Cross Society,asia,th,
Canadian Food Inspection Agency,northamerica,ca,
Animal and Plant Health Agency,europe,gb,
National Institute of Animal Science,asia,kr,
Gates Foundation,northamerica,us,
The Pirbright Institute,europe,gb,
Veterinary and Agrochemical Research Centre,europe,be,
Australian Centre for Disease Preparedness,australasia,au,
Avalon University School of Medicine,northamerica,cw,
Franklin University,northamerica,us,
Touro College,northamerica,us,
St. Joseph's University New York,northamerica,us,
Hospital Universitari i Politècnic La Fe,europe,es,
Metabiota (United States),northamerica,us,
United States Army Medical Research Institute of Infectious Diseases,northamerica,us,
Kinshasa General Hospital,africa,cd,
Los Angeles County Department of Public Health,northamerica,us,
Atlantic University,northamerica,us,
Maple Leaf Medical Clinic,northamerica,ca,
International Centre for Genetic Engineering and Biotechnology,europe,it,
Barcelona Institute for Global Health,europe,es,
Desmond Tutu HIV Foundation,africa,za,
Regional Center for Prevention and Control of AIDS and Infectious Diseases,europe,ru,
Hospital General Universitario De Valencia,europe,es,
Hospital Civil de Guadalajara,northamerica,mx,
Centre Hospitalier Saint-Denis,europe,fr,
Triangle,northamerica,us,
ViiV Healthcare (United Kingdom),europe,gb,
Pacific Biosciences (United States),northamerica,us,
Max Planck Institute of Biophysics,europe,de,
Thomas Jefferson University,northamerica,us,
Uganda Virus Research Institute,africa,ug,
Ssemwanga (Uganda),africa,ug,
Convent Hospital of the Brothers of Saint John of God,europe,at,
Düsseldorf University Hospital,europe,de,
Krankenhaus der Barmherzigen Brüder Trier,europe,de,
Asklepios Kliniken Schildautal,europe,de,
Asklepios Klinik St. Georg,europe,de,
Henry M. Jackson Foundation,northamerica,us,
HIV Netherlands Australia Thailand Research Collaboration,asia,th,
Armed Forces Research Institute of Medical Science,asia,th,
Eternity Bioscience (United States),northamerica,us,
Bavarian Nordic (Denmark),europe,dk,
Bavarian Nordic (Germany),europe,de,
Institute of Child Health,europe,gr,
Halstead Hospital,europe,gb,
Bavarian Nordic (United States),northamerica,us,
Van Andel Institute,northamerica,us,
aTyr Pharma (United States),northamerica,us,
National Institute of Research in Tuberculosis,asia,in,
Bioqual,northamerica,us,
Changzhou No.2 People's Hospital,asia,cn,
MGH Institute of Health Professions,northamerica,us,
Genesis Research Institute,asia,jp,
Lala Lajpat Rai University of Veterinary and Animal Sciences,asia,in,
National Institute Of Veterinary Epidemiology And Disease Informatics,asia,in,
Hebei Medical University,asia,cn,
Anna Needs Neuroblastoma Answers,northamerica,us,
Direção Geral do Território,europe,pt,
Hospital Garcia de Orta,europe,pt,
Unidade Local de Saúde de São José,europe,pt,
Hôpital Ambroise-Paré,europe,fr,
Tonix Pharmaceuticals (United States),world,,
Istanbul Medipol University,asia,tr,
Accademia di Belle Arti di Napoli,europe,it,
Nebraska Department of Health and Human Services,northamerica,us,
Michael E. DeBakey VA Medical Center,northamerica,us,
Ministry of Public Health,asia,th,
Epicentre (South Africa),africa,za,
National Institute for Communicable Diseases,world,,
University of Bihać,europe,ba,
Instituts Universitaires de Technologie,europe,fr,
Centre Hospitalier Universitaire de Saint-Pierre,europe,be,
Institut de génétique et de biologie moléculaire et cellulaire,europe,fr,
Aaron Diamond AIDS Research Center,northamerica,us,
Max Planck Institute for Developmental Biology,europe,de,
Stockholm South General Hospital,europe,se,
Culham Science Centre,europe,gb,
Florida College,northamerica,us,
VA Tennessee Valley Healthcare System,northamerica,us,
MYcroarray (United States),northamerica,us,
Sanford Burnham Prebys Medical Discovery Institute,northamerica,us,
Rwanda Zambia HIV Research Group,africa,rw,
Kenya AIDS Vaccine Initiative,africa,ke,
Aurum Institute,africa,za,
Council on Foreign Relations,northamerica,us,
GGD Rotterdam-Rijnmond,europe,nl,
University of Ilorin,africa,ng,
Federal University of Technology Minna,africa,ng,
University of Minnesota Medical Center,northamerica,us,
United States Army Medical Research and Development Command,northamerica,us,
University of North Carolina Health Care,northamerica,us,
Academy of Military Medical Sciences,asia,cn,
"National Center for AIDS/STD Control and Prevention,China CDC",asia,cn,
University of Kinshasa,africa,cd,
Field Museum of Natural History,northamerica,us,
Bytown Cat Hospital,northamerica,ca,
Charing Cross Cat Clinic,northamerica,ca,
Albuquerque Cat Clinic,northamerica,us,
United States Department of Veterans Affairs,northamerica,us,
Onderstepoort Veterinary Institute,africa,za,
Sakarya University,asia,tr,
University of Medicine Tirana,europe,al,
London Borough of Southwark,europe,gb,
Centre Hospitalier Universitaire de Montpellier,europe,fr,
Codex Biosolutions (United States),northamerica,us,
Leibniz Institute of Virology (LIV),europe,de,
All-Russian Research Institute for Animal Health,europe,ru,
Onderstepoort Veterinary Academic Hospital,africa,za,
University of Oklahoma Health Sciences Center,northamerica,us,
UCB Pharma (Belgium),europe,be,
New York Blood Center,northamerica,us,
Great Ormond Street Hospital,europe,gb,
Institut de Recherche Vaccinale,europe,fr,
Columbus Technologies and Services (United States),northamerica,us,
International University of Health and Welfare,asia,jp,
Hubei University of Arts and Science,asia,cn,
Boehringer Ingelheim (United States),northamerica,us,
Centre de Calcul de l’Institut National de Physique Nucléaire et de Physique des Particules,europe,fr,
Institut Scientifique de Santé Publique,europe,be,
Institut Bouisson Bertrand,europe,fr,
Département Santé Animale,europe,fr,
Animal and Plant Health Inspection Service,northamerica,us,
Senckenberg Centre for Human Evolution and Palaeoenvironment,europe,de,
New York City Department of Health and Mental Hygiene,northamerica,us,
Caprion (Canada),northamerica,ca,
National Institute of High Security Animal Diseases,asia,in,
Sri Sri University,asia,in,
Banki College,asia,in,
Universidad del Rosario,southamerica,co,
Universidad Católica de Pereira,southamerica,co,
"Genomics Research Center, Academia Sinica",asia,tw,
Public Health Wales,europe,gb,
Alder Hey Children's NHS Foundation Trust,europe,gb,
LabCorp (United States),northamerica,us,
Université Paris-Panthéon-Assas,europe,fr,
Ross University School of Medicine,northamerica,bb,
UK Health Security Agency,europe,gb,
National Security Agency,northamerica,us,
Instituto Cajal,europe,es,
Sofia University,northamerica,us,
Clalit Health Services,asia,il,
Rabin Medical Center,asia,il,
Harford Community College,northamerica,us,
Centre hospitalier universitaire d'Orléans,europe,fr,
Center of Molecular Immunology (Cuba),northamerica,cu,
Universitas Islam Negeri Maulana Malik Ibrahim,asia,id,
Malikussaleh University,asia,id,
Universitas Muhammadiyah Aceh,asia,id,
The Wallace H. Coulter Department of Biomedical Engineering,northamerica,us,
German Primate Center,europe,de,
Latakia University,asia,sy,
Damascus University,asia,sy,
ImmunityBio (United States),northamerica,us,
Emory Healthcare,northamerica,us,
Royal Hospital,asia,om,
Fondation Congolaise Pour La Recherche Médicale,africa,cg,
Ambrose Alli University,africa,ng,
University Teaching Hospital,africa,zm,
Muhimbili National Hospital,africa,tz,
Lusaka Apex Medical University,africa,zm,
Chatham House,europe,gb,
University of Khartoum,africa,sd,
Royal Veterinary College,europe,gb,
Massachusetts Mental Health Center,northamerica,us,
UCL Biomedical Research Centre,europe,gb,
Altor BioScience (United States),northamerica,us,
University School,northamerica,us,
Royal Zoological Society of Antwerp,europe,be,
Robert Koch Institute,europe,de,
International Gorilla Conservation Programme,africa,rw,
"Czech Academy of Sciences, Institute of Microbiology",europe,cz,
"Centre for Immunity, Infection and Evolution",europe,gb,
Institut de Recherches Médicales et d’Etudes des Plantes Médicinales,africa,cm,
Black AIDS Institute,northamerica,us,
Babraham Bioscience Technologies (United Kingdom),europe,gb,
Centre International de Recherches Médicales de Franceville,africa,ga,
Institut Pasteur de Bangui,africa,cf,
Social and Scientific Systems (United States),northamerica,us,
Humane Society of the United States,northamerica,us,
International Union for Conservation of Nature (United Kingdom),europe,gb,
China National Center for Food Safety Risk Assessment,asia,cn,
Hangzhou Medical College,asia,cn,
International Islamic University Malaysia,asia,my,
University of Rajshahi,asia,bd,
Al Baha University,asia,sa,
National Research Centre,africa,eg,
BGC Trust University Bangladesh,asia,bd,
Mawlana Bhashani Science and Technology University,asia,bd,
Sarhad University of Science and Information Technology,asia,pk,
State University of Bangladesh,asia,bd,
B.P. Koirala Institute of Health Sciences,asia,np,
Keck Hospital of USC,northamerica,us,
Align Technology (United States),northamerica,us,
Silla University,asia,kr,
North Shore Community College,northamerica,us,
Bard College,northamerica,us,
Academic Center for Dentistry Amsterdam,europe,nl,
University Hospital Regensburg,europe,de,
National Institute of Genetic Engineering and Biotechnology,asia,ir,
Sari Agricultural Sciences and Natural Resources University,asia,ir,
International Centre for Diarrhoeal Disease Research,asia,bd,
Mahatma Gandhi Memorial Medical College,asia,in,
Dhaka Medical College and Hospital,asia,bd,
Department for Environment Food and Rural Affairs,europe,gb,
Environment Agency,europe,gb,
Hertfordshire Community NHS Trust,europe,gb,
Absynth Biologics (United Kingdom),europe,gb,
University of Bedfordshire,europe,gb,
Queen Victoria Hospital NHS Foundation Trust,europe,gb,
Procarta Biosystems (United Kingdom),europe,gb,
Icelandic Meteorological Office,europe,is,
The Edgbaston Hospital,europe,gb,
Pan-Provincial Vaccine Enterprise,northamerica,ca,
Evotec (United Kingdom),europe,gb,
AstraZeneca (Brazil),southamerica,br,
Méditerranée Infection Foundation,europe,fr,
Centre Hospitalier de Tourcoing,europe,fr,
Muhimbili University of Health and Allied Sciences,africa,tz,
Hospital La Paloma,europe,es,
Alberta Hospital Edmonton,northamerica,ca,
South Western Sydney Local Health District,australasia,au,
Gesundheit Österreich,europe,at,
Novo Holdings (Denmark),europe,dk,
People’s Hospital of Rizhao,asia,cn,
Linyi People's Hospital,asia,cn,
Jinzhou Medical University,asia,cn,
ZheJiang Academy of Agricultural Sciences,asia,cn,
Wenzhou Vocational College of Science and Technology,asia,cn,
Ospedale Policlinico San Martino,europe,it,
Institut de Recherche et de Développement en Agroenvironnement,northamerica,ca,
Collège Shawinigan,northamerica,ca,
University of the West Indies,northamerica,bb,
Edward Via College of Osteopathic Medicine,northamerica,us,
Affiliated Hospital of North Sichuan Medical College,asia,cn,
Yan'an University,asia,cn,
Gansu Agricultural University,asia,cn,
Mendel University in Brno,europe,cz,
"Agricultural Research, Ltd. (Czechia)",world,,
"Czech Academy of Sciences, Biology Centre",europe,cz,
Western Eye Hospital,europe,gb,
Charing Cross Hospital,europe,gb,
Singapore National Eye Center,asia,sg,
Sandwell & West Birmingham Hospitals NHS Trust,europe,gb,
Birmingham and Midland Eye Centre,europe,gb,
SRM University,asia,in,
Sri Venkateswara Veterinary University,asia,in,
Infectious Diseases Institute,africa,ug,
Magna Graecia University,europe,it,
BRAC University,asia,bd,
Nitte University,asia,in,
Maharaja Sayajirao University of Baroda,asia,in,
University of Rochester Medicine,northamerica,us,
Ashland University,northamerica,us,
Institute of Chemical Physics NAS RA,asia,am,
Institute of Molecular Biology,asia,am,
University of Ibadan,africa,ng,
Quanzhou Normal University,asia,cn,
Cegep de Saint Hyacinthe,northamerica,ca,
Kintampo Health Research Centre,africa,gh,
Kumaun University,asia,in,
Sarguja University,asia,in,
University of Lapland,europe,fi,
Universidade Lusófona,europe,pt,
Schweiger Dermatology Group (United States),northamerica,us,
ARC Centre of Excellence in Synthetic Biology,australasia,au,
Institute of Crystallography,europe,it,
Peptide Institute (Japan),asia,jp,
"Institute of Biochemistry and Biophysics, Polish Academy of Sciences",europe,pl,
Polish Academy of Sciences,europe,pl,
Assiut University,africa,eg,
Damanhour University,africa,eg,
Mustansiriyah University,asia,iq,
Norwegian Veterinary Institute,europe,no,
Madagascar Biodiversity Partnership,africa,mg,
National Centre for Disease Prevention and Control,europe,it,
Łukasiewicz Research Network – PORT Polish Center for Technology Development,europe,pl,
University of Food Technologies,europe,bg,
Hospital de Clínicas,southamerica,uy,
Lakeland Community College,northamerica,us,
Sinograin (China),asia,cn,
Universitätsklinikum Aachen,europe,de,
Banaras Hindu University,asia,in,
Terasaki Foundation,northamerica,us,
Deraya University,world,,
Medical University of Lodz,europe,pl,
Queen Astrid Military Hospital,europe,be,
Wollo University,africa,et,
Debre Berhan University,africa,et,
Veer Narmad South Gujarat University,asia,in,
State Key Laboratory of Rice Biology,world,,
Rice Research Institute,asia,cn,
Sylhet Agricultural University,asia,bd,
Gazipur Agricultural University,asia,bd,
Bundelkhand University,asia,in,
Defence Research and Development Establishment,asia,in,
Central University of Jharkhand,asia,in,
Institute of Technology Sligo,europe,ie,
Southwest Medical University,asia,cn,
Baba Ghulam Shah Badshah University,asia,in,
King Salman International University,world,,
Higher Colleges of Technology,asia,ae,
Imam Khomeini Hospital,asia,ir,
Sabzevar University of Medical Sciences,asia,ir,
Medical University of Ilam,asia,ir,
Melbourne Bioinformatics,australasia,au,
Royal Tropical Institute,europe,nl,
Saskatchewan Disease Control Laboratory,northamerica,ca,
Institut Pasteur de Montevideo,southamerica,uy,
Instituto Butantan,southamerica,br,
Universidad Peruana Cayetano Heredia,southamerica,pe,
Genetika,europe,ru,
De Nederlandsche Bank,europe,nl,
Arak University of Medical Sciences,asia,ir,
Royan Institute,asia,ir,
Guru Angad Dev Veterinary and Animal Sciences University,asia,in,
Post Graduate Institute of Medical Education and Research,asia,in,
Universidade Federal de Alfenas,southamerica,br,
Autonomous University of San Luis Potosí,northamerica,mx,
Chinese PLA General Hospital,asia,cn,
Universidad Católica de Temuco,southamerica,cl,
Universidade Federal da Grande Dourados,southamerica,br,
Ludwik Hirszfeld Institute of Immunology and Experimental Therapy,europe,pl,
Türkiye Bilimsel ve Teknolojik Araştırma Kurumu,asia,tr,
Satakunta University of Applied Sciences,europe,fi,
Zuyd University of Applied Sciences,europe,nl,
Canadian Sleep & Circadian Network,northamerica,ca,
Universidad Anáhuac,northamerica,mx,
University of Rzeszów,europe,pl,
Zhejiang Chinese Medical University,asia,cn,
Central Inland Fisheries Research Institute,asia,in,
Arla Foods (Denmark),europe,dk,
Ifremer,europe,fr,
bioMérieux (France),europe,fr,
Campden BRI (United Kingdom),europe,gb,
Cargill (Netherlands),europe,nl,
PepsiCo (United Kingdom),europe,gb,
Guangdong Pharmaceutical University,asia,cn,
Madurai Kamaraj University,asia,in,
Majmaah University,asia,sa,
University of Hafr Al-Batin,asia,sa,
Furtwangen University,europe,de,
Pomeranian Medical University,europe,pl,
"National Institute of Geriatrics, Rheumatology and Rehabilitation",europe,pl,
Wolaita Sodo University,africa,et,
University of North Florida,northamerica,us,
National Institute of Genomic Medicine,northamerica,mx,
Airlangga University,asia,id,
Animal Science Research Institute,asia,cn,
Education Department of Heilongjiang Province,asia,cn,
University of Pecs,europe,hu,
Bioprocess Control (Sweden),europe,se,
Portuguese Military Academy,europe,pt,
Unidade Local de Saúde de Entre Douro e Vouga,europe,pt,
Universidade dos Açores,europe,pt,
Mansoura University Hospital,africa,eg,
Egyptian Russian University,africa,eg,
Xinjiang Institute of Materia Medica,asia,cn,
Baze University,africa,ng,
Shaoxing People's Hospital,asia,cn,
Morehouse School of Medicine,northamerica,us,
Texas Medical Center,northamerica,us,
Universidad del Desarrollo,southamerica,cl,
Technological University of the Mixteca,northamerica,mx,
Colombian Corporation for Agricultural Research - AGROSAVIA,southamerica,co,
Zewail City of Science and Technology,africa,eg,
Synthetic Genomics (United States),northamerica,us,
Uttar Pradesh Pandit Deen Dayal Upadhyaya Pashu Chikitsa Vigyan Vishwavidyalaya Evam Go-Anusandhan Sansthan,asia,in,
Jichi Medical University,asia,jp,
"California State University, Sacramento",northamerica,us,
California Northstate University,northamerica,us,
New Zealand Institute for Public Health and Forensic Science,australasia,nz,
Institut Charles Viollette,europe,fr,
Lesaffre (France),europe,fr,
Translational Health Science and Technology Institute,asia,in,
National Institute of Cholera and Enteric Diseases,asia,in,
Université de Rouen Normandie,europe,fr,
The Ohio State University at Mansfield,northamerica,us,
Danylo Zabolotny Institute of Microbiology and Virology,europe,ua,
ICMR National Institute for Research in Environmental Health,world,,
Central University of Tamil Nadu,asia,in,
National Institute of Nutrition,asia,in,
BC Children's Hospital,northamerica,ca,
Vibrant Data (United States),northamerica,us,
Armenian State Pedagogical University after Khachatur Abovian,asia,am,
Leibniz Institute DSMZ – German Collection of Microorganisms and Cell Cultures,europe,de,
"George Eliava Institute of Bacteriophage, Microbiology and Virology",asia,ge,
Bule Hora University,africa,et,
National Dairy Research Institute,asia,in,
National Research Centre on Equines,asia,in,
Dr. Babasaheb Ambedkar Marathwada University,asia,in,
Deenbandhu Chhotu Ram University of Science and Technology,asia,in,
Indian Council of Medical Research,asia,in,
American Chemical Society,northamerica,us,
Universiti Malaysia Kelantan,asia,my,
Farwaniya Hospital,asia,kw,
Riyadh Armed Forces Hospital,asia,sa,
Debre Markos University,africa,et,
University of Gondar,africa,et,
Hampshire Hospitals NHS Foundation Trust,europe,gb,
Kantonsspital Baselland,europe,ch,
Hospital Universitario Fundación Jiménez Díaz,europe,es,
Duke University Hospital,northamerica,us,
Cleveland Clinic Florida,northamerica,us,
Yokohama City University,asia,jp,
Genesis HealthCare,northamerica,us,
Southmead Hospital,europe,gb,
St Olav's University Hospital,europe,no,
Universidade da Coruña,europe,es,
Fundación Seimc-Gesida,europe,es,
Universitatea Națională de Știință și Tehnologie Politehnica București,europe,ro,
AvidBiotics (United States),northamerica,us,
Peuplements végétaux et bioagresseurs en milieu tropical,africa,re,
Saskatchewan Research Council (Canada),northamerica,ca,
Universidad UTE,southamerica,ec,
"Imaging, Brain, and Neuropsychiatry",europe,fr,
City Of Hope National Medical Center,northamerica,us,
Methodist Hospital,northamerica,us,
Carter Center,northamerica,us,
Kookmin University,asia,kr,
NovaCell Technology (South Korea),asia,kr,
Second Affiliated Hospital of Zhejiang University,asia,cn,
Universidad Santo Tomás,southamerica,cl,
Forest Products Laboratory,northamerica,us,
Sappi (Netherlands),europe,nl,
MRC Prion Unit,europe,gb,
"Czech Academy of Sciences, Institute of Analytical Chemistry",europe,cz,
Escola Bahiana de Medicina e Saúde Pública,southamerica,br,
Biocant,europe,pt,
University of Kansas Medical Center,northamerica,us,
M.V. Hospital for Diabetes and Diabetes Research Centre,asia,in,
Ruijin Hospital,asia,cn,
Biomedical Research Networking Center on Neurodegenerative Diseases,europe,es,
Reata Pharmaceuticals (United States),northamerica,us,
vTv Therapeutics (United States),northamerica,us,
Evgen Pharma (United Kingdom),europe,gb,
Fundación Hospital de Jove,europe,es,
Utsunomiya University,asia,jp,
Shizuoka University,asia,jp,
National Institute for Laser Plasma and Radiation Physics,europe,ro,
University of Medicine and Pharmacy of Craiova,europe,ro,
Policlinico San Matteo Fondazione,europe,it,
Missouri College,northamerica,us,
National Center of Neurology and Psychiatry,asia,jp,
Polytechnic School of Algiers,africa,dz,
Indonesian Institute of Sciences,asia,id,
University of Kuala Lumpur,asia,my,
Alfried Krupp Hospital,europe,de,
Islamic University of Science and Technology,asia,in,
University of Tabuk,asia,sa,
Fahd bin Sultan University,asia,sa,
Institute for Stem Cell Biology and Regenerative Medicine,asia,in,
"Basque Center for Materials, Applications and Nanostructures",europe,es,
Catalent (Belgium),europe,be,
Adam Mickiewicz University in Poznań,europe,pl,
Anton Proksch Institut,europe,at,
Air Force Medical University,asia,cn,
Iran Polymer and Petrochemical Institute,asia,ir,
Tokyo University of Marine Science and Technology,asia,jp,
University of San Carlos,asia,ph,
Sofradir (France),europe,fr,
John Muir Health,northamerica,us,
"Royal Botanic Gardens, Kew",europe,gb,
Joint Genome Institute,northamerica,us,
World Economic Forum,europe,ch,
China National GeneBank,asia,cn,
Nalanda University,asia,in,
Vinmec International Hospital,asia,vn,
The Queen's Medical Research Institute,europe,gb,
École Nationale Supérieure d'Ingénieurs de Caen,europe,fr,
Pandit Ravishankar Shukla University,asia,in,
Bialystok University of Technology,europe,pl,
Paracelsus Medical University,europe,at,
Luxembourg Institute of Health,europe,lu,
Ontario Institute for Cancer Research,northamerica,ca,
United States Army Institute of Surgical Research,northamerica,us,
Uniformed Services University of the Health Sciences,northamerica,us,
Heilongjiang University,asia,cn,
Centre for Research in Engineering Surface Technology,europe,ie,
Biochemical Society,europe,gb,
Prometheus Research (United States),northamerica,us,
Polymet Jena,europe,de,
Institute for Biotechnology and Bioengineering,europe,pt,
Shoolini University,asia,in,
Delhi Pharmaceutical Science and Research University,asia,in,
Academy of Sciences Republic of Uzbekistan,asia,uz,
BLK Super Speciality Hospital,asia,in,
TeVido BioDevices (United States),northamerica,us,
Division of Chemistry,northamerica,us,
Orthopaedic Center,northamerica,us,
Shandong Agricultural University,asia,cn,
Institute of Biomedical Chemistry,europe,ru,
PowerCell (Sweden),europe,se,
NU Hospital Group,europe,se,
Sandip Foundation,asia,in,
Beaumont Hospital,europe,ie,
Imam Mohammad ibn Saud Islamic University,asia,sa,
King Fahd Medical City,asia,sa,
Tokyo University of Pharmacy and Life Sciences,asia,jp,
Universitat Internacional de Catalunya,europe,es,
Institut de Biologia Molecular de Barcelona,europe,es,
Clayton Foundation,europe,ch,
Guangzhou Medical University,asia,cn,
Fu Wai Hospital,asia,cn,
Hospital Privado de Comunidad,southamerica,ar,
Children's Heart Center Nevada,northamerica,us,
Nippon Medical School,asia,jp,
Institute of Crop Sciences,asia,cn,
Harbin University,asia,cn,
Heilongjiang University of Chinese Medicine,asia,cn,
Gurukul Kangri Vishwavidyalaya,asia,in,
West University of Timişoara,europe,ro,
Shenyang Conservatory of Music,asia,cn,
Tasly Holding Group (China),asia,cn,
State Research Institute Centre for Innovative Medicine,europe,lt,
Ziauddin University,asia,pk,
Universidad Yachay Tech,southamerica,ec,
Ho Chi Minh City University of Industry and Trade,asia,vn,
Hammersmith Hospital,europe,gb,
Guarulhos University,southamerica,br,
Israel Institute for Biological Research,asia,il,
Dovetail Genomics (United States),northamerica,us,
Weston Park Cancer Centre,europe,gb,
Shanghai Ninth People's Hospital,asia,cn,
Hospital General Universitario de Ciudad Real,europe,es,
Jeju National University,asia,kr,
Shahrekord University of Medical Sciences,asia,ir,
Golpayegan University of Engineering,asia,ir,
Hamedan University of Medical Sciences,asia,ir,
Universitätsklinikum Würzburg,europe,de,
Modern Meadow (United States),northamerica,us,
3D Bioprinting Solutions (Russia),europe,ru,
Centre for Advanced Bioenergy Research,asia,in,
Fondation Asile des Aveugles,europe,ch,
Guangdong Academy of Medical Sciences,asia,cn,
Shahrekord University,asia,ir,
National Kaohsiung Marine University,asia,tw,
City College,northamerica,us,
Universidad Del Valle De Cuernavaca,northamerica,mx,
Shriners Hospitals for Children - Northern California,northamerica,us,
Kōchi University,asia,jp,
Royal National Orthopaedic Hospital,europe,gb,
Jan Evangelista Purkyně University in Ústí nad Labem,europe,cz,
Fakultní nemocnice Bulovka,europe,cz,
M S Swaminathan Research Foundation,asia,in,
Beijing Institute of Genomics,asia,cn,
525 Solutions (United States),northamerica,us,
Jining Medical University,asia,cn,
Alabama State University,northamerica,us,
Institute for Research in Biomedicine,europe,es,
Universidad Nebrija,europe,es,
Karpagam Academy of Higher Education,asia,in,
Shenyang Institute of Automation,asia,cn,
New Zealand Brain Research Institute,australasia,nz,
Ehime University,asia,jp,
National Center on Birth Defects and Developmental Disabilities,northamerica,us,
Colorado Department of Public Health and Environment,northamerica,us,
BioCruces Health research Institute,europe,es,
University of Iowa Health Care,northamerica,us,
VA Heart of Texas Health Care Network,northamerica,us,
"Institute of Psychology, Chinese Academy of Sciences",asia,cn,
Brain (Germany),europe,de,
Tianjin Medical University General Hospital,asia,cn,
Kings Health Partners,europe,gb,
Max Planck Institute for Human Cognitive and Brain Sciences,europe,de,
Siemens (United Kingdom),europe,gb,
Toronto Western Hospital,northamerica,ca,
GIPSA-Lab,europe,fr,
Lamsade,europe,fr,
University of Colorado Health,northamerica,us,
The National Autistic Society,europe,gb,
Royal College of General Practitioners,europe,gb,
Autistica,europe,gb,
Autism Speaks,northamerica,us,
Arthur M. Sackler Gallery,northamerica,us,
New York State Psychiatric Institute,world,,
Ngee Ann Polytechnic,asia,sg,
University of Wisconsin–Whitewater,northamerica,us,
Mallinckrodt (United States),northamerica,us,
University of San Diego,northamerica,us,
Golisano Children's Hospital,northamerica,us,
University of Winchester,europe,gb,
Moog (United States),northamerica,us,
University of British Columbia Hospital,northamerica,ca,
University of California Davis Medical Center,northamerica,us,
Kennedy Krieger Institute,northamerica,us,
Hesco (United States),northamerica,us,
Centre de Radiothérapie Bayard,europe,fr,
Institut Universitaire de Gériatrie de Montréal,northamerica,ca,
Technische Hochschule Mittelhessen,europe,de,
Department of Health and Social Care,europe,gb,
Sonova (Switzerland),europe,ch,
Baycrest Hospital,northamerica,ca,
Douglas Mental Health University Institute,northamerica,ca,
Ohio Department of Health,northamerica,us,
Kaiser Permanente Santa Rosa Medical Center,northamerica,us,
Pearson (United States),northamerica,us,
Keck Graduate Institute,northamerica,us,
École Centrale d'Électronique,europe,fr,
West Los Angeles College,northamerica,us,
Instituto do Cérebro,southamerica,br,
Stockholm County Council,europe,se,
Bernstein Center for Computational Neuroscience Berlin,europe,de,
Neurosciences Institute,northamerica,us,
Mind Research Network,northamerica,us,
Asahikawa Medical University,asia,jp,
Laureate Institute for Brain Research,northamerica,us,
Rijksmuseum,europe,nl,
MetroHealth,northamerica,us,
MSB Medical School Berlin,europe,de,
Queen Margaret Hospital,europe,gb,
NHS Lothian,europe,gb,
Piramal (United States),northamerica,us,
Hartford Hospital,northamerica,us,
Columbia College,northamerica,ca,
MedStar National Rehabilitation Hospital,northamerica,us,
ARC Centre of Excellence in Cognition and its Disorders,australasia,au,
National Center for Complementary and Integrative Health,northamerica,us,
Children's Medical Center,northamerica,us,
Center for Autism and Related Disorders,northamerica,us,
Behavioral Health Services,northamerica,us,
Cognionics (United States),northamerica,us,
Neurotech (United States),northamerica,us,
Child Mind Institute,northamerica,us,
Sage Bionetworks,northamerica,us,
Swartz Center for Computational Neuroscience,northamerica,us,
Inria Chile,southamerica,cl,
Lifespan,northamerica,us,
Office of Extramural Research,northamerica,us,
Penn Center for AIDS Research,northamerica,us,
Ernst Strüngmann Institute for Neuroscience,europe,de,
"International Laboratory for Brain, Music and Sound Research",northamerica,ca,
Institut Systèmes Intelligents et de Robotique,europe,fr,
Universidad Torcuato Di Tella,southamerica,ar,
Carmel (Israel),asia,il,
Hamilton College,northamerica,us,
École Centrale Paris,europe,fr,
Center for Behavioral Brain Sciences,europe,de,
American Academy in Rome,northamerica,us,
Riverside Research Institute,northamerica,us,
National Institute on Alcohol Abuse and Alcoholism,northamerica,us,
National College,northamerica,mx,
Turku University Hospital,europe,fi,
Israel Ministry of Health,asia,il,
LaGuardia Community College,northamerica,us,
Hersenstichting,europe,nl,
Max Planck Institute for Biological Cybernetics,europe,de,
Bruce W. Carter VA Medical Center,northamerica,us,
Sree Chitra Thirunal Institute for Medical Sciences and Technology,asia,in,
Autism CRC,australasia,au,
Moorfields Eye Hospital,europe,gb,
Rancho Los Amigos National Rehabilitation Center,northamerica,us,
Institute of Molecular and Cell Biology,europe,ru,
InfoConsult (Germany),europe,de,
Treatment Research Institute,northamerica,us,
Hennepin County,northamerica,us,
Gujarat Vidyapith,asia,in,
Leaflabs (United States),northamerica,us,
Hôpital de Cery,europe,ch,
Brain Research New Zealand,australasia,nz,
Hudson Institute,northamerica,us,
Nagoya University Hospital,asia,jp,
Hiroshima City University,asia,jp,
Nara Medical University,asia,jp,
Huntington's Disease Association,europe,gb,
Immungenetics (Germany),europe,de,
Foundation for Research on Information Technologies in Society,europe,ch,
VIB-VUB Center for Structural Biology,europe,be,
CRUK Lung Cancer Centre of Excellence,europe,gb,
Institut de Psychiatrie et Neurosciences de Paris,europe,fr,
Instituto de Neurociencias,europe,es,
Hampden–Sydney College,northamerica,us,
American Academy of Child and Adolescent Psychiatry,northamerica,us,
Nanjing Medical University,asia,cn,
Center for Integrated Protein Science Munich,europe,de,
Nonlinear Control Strategies (United States),northamerica,us,
Fondazione IRCCS Istituto Neurologico Carlo Besta,europe,it,
Institut de la Vision,europe,fr,
GenSight Biologics (France),europe,fr,
St. Louis Children's Hospital,northamerica,us,
Montreal Clinical Research Institute,northamerica,ca,
Academic College of Tel Aviv-Yafo,asia,il,
Open University of Israel,asia,il,
"Institut thématique Génétique, génomique et bioinformatique",europe,fr,
Eli Lilly (United Kingdom),europe,gb,
Adarza BioSystems (United States),northamerica,us,
University Hospitals of the Ruhr-University of Bochum,europe,de,
Institute of Plant Protection,asia,cn,
Itron (United States),northamerica,us,
Max Planck Institute of Experimental Medicine,europe,de,
Bernstein Center for Computational Neuroscience Göttingen,europe,de,
"International Islamic University, Islamabad",asia,pk,
Stony Brook Medicine,northamerica,us,
Leibniz Institute for Neurobiology,europe,de,
Centro de Estudios Científicos,southamerica,cl,
BD Biosciences (United States),northamerica,us,
Thermo Fisher Scientific (Netherlands),europe,nl,
Center for Translational Molecular Medicine,europe,nl,
Real-Time Innovations (United States),northamerica,us,
Institut du Cerveau,europe,fr,
"Mossakowski Medical Research Institute,  Polish Academy of Sciences",europe,pl,
Instytut Biologii Doświadczalnej im. Marcelego Nenckiego,europe,pl,
Józef Piłsudski University of Physical Education in Warsaw,europe,pl,
Massachusetts Eye and Ear Infirmary,northamerica,us,
Shanghai Center For Bioinformation Technology,asia,cn,
Shanghai Xuhui Central Hospital,asia,cn,
Natural and Medical Sciences Institute,europe,de,
CIC bioGUNE,europe,es,
Florida A&M University - Florida State University College of Engineering,northamerica,us,
Biomedical Research Institute,northamerica,us,
Marquette University,northamerica,us,
Evotec (Germany),europe,de,
CHDI Foundation,northamerica,us,
Oulu University Hospital,europe,fi,
Johnson University,northamerica,us,
Pediatrics and Genetics,northamerica,us,
Benenden Hospital,europe,gb,
Life & Brain (Germany),europe,de,
Chengdu Medical College,asia,cn,
NHS Blood and Transplant,europe,gb,
Genomics England,europe,gb,
McLean Hospital,northamerica,us,
Institute of Genetics and Biophysics,europe,it,
Biogem,europe,it,
Universidade do Extremo Sul Catarinense,southamerica,br,
Rosalind Franklin University of Medicine and Science,northamerica,us,
Agricultural Research Center,africa,eg,
Rigshospitalet,europe,dk,
Office of the Director,northamerica,us,
National University Health System,asia,sg,
Städtisches Klinikum Dresden,europe,de,
Cyberport,asia,cn,
Ann Arbor Center for Independent Living,northamerica,us,
Centre Hospitalier Universitaire de Rennes,europe,fr,
"Physiologie, Environnement et Génétique pour l'Animal et les Systèmes d'Elevage",europe,fr,
Fontys University of Applied Sciences,europe,nl,
Boston Medical Center,northamerica,us,
MedStar Washington Hospital Center,northamerica,us,
Institute of Agrifood Research and Technology,europe,es,
National Clinical Research Center for Digestive Diseases,asia,cn,
Beijing Tian Tan Hospital,asia,cn,
University of Design Schwäbisch Gmünd,europe,de,
Deloitte (United States),northamerica,us,
Florey Institute of Neuroscience and Mental Health,australasia,au,
Japanese Red Cross Medical Center,asia,jp,
Centro San Giovanni di Dio Fatebenefratelli,europe,it,
Bispebjerg Hospital,europe,dk,
Fukushima Medical University,asia,jp,
Hertie Institute for Clinical Brain Research,europe,de,
Shippensburg University,northamerica,us,
Central Brain Tumor Registry of the United States,northamerica,us,
Microbiologie de l’alimentation au service de la santé,europe,fr,
Lander University,northamerica,us,
SilicoLife (Portugal),europe,pt,
Institute for Learning Innovation,northamerica,us,
Foundation Center,northamerica,us,
Anhui Jianzhu University,asia,cn,
Beijing Radiation Center,asia,cn,
Greater Manchester Mental Health NHS Foundation Trust,europe,gb,
Institute of Applied Mathematics,europe,ru,
Bharathiar University,asia,in,
Institute for Research in Immunology and Cancer,northamerica,ca,
University of Fiji,australasia,fj,
Obuda University,europe,hu,
Universidad Laboral de Córdoba,europe,es,
Weifang University of Science and Technology,asia,cn,
Tohoku Institute of Technology,asia,jp,
Education University of Hong Kong,asia,hk,
Queen Margaret University,europe,gb,
REVA University,asia,in,
M S Ramaiah University of Applied Sciences,asia,in,
Black Dog Institute,australasia,au,
Indus University,asia,in,
Universitäres Kinderwunschzentrum Lübeck,europe,de,
University Children's Hospital Zurich,europe,ch,
Royal Brompton & Harefield NHS Foundation Trust,europe,gb,
Galgotias University,asia,in,
Institute of Chemistry of the Slovak Academy of Sciences,europe,sk,
University of Baghdad,asia,iq,
Valahia University of Targoviste,europe,ro,
King Fahd Hospital of the University,asia,sa,
Hainan General Hospital,asia,cn,
Birmingham City University,europe,gb,
Hunter Water,australasia,au,
Ansan University,asia,kr,
Fraunhofer Institute for Algorithms and Scientific Computing,europe,de,
Fraunhofer Institute for Industrial Mathematics,europe,de,
University of Sri Jayewardenepura,asia,lk,
Secretaría de Energía,world,,
Weierstrass Institute for Applied Analysis and Stochastics,europe,de,
Don Carlo Gnocchi Foundation,europe,it,
Kessler Foundation,northamerica,us,
GITAM University,asia,in,
Tata Consultancy Services (India),asia,in,
Dongduk Women's University,asia,kr,
Molecular Microbiology and Genomics Consultants (Germany),europe,de,
Syngenta (Switzerland),europe,ch,
George Washington University Hospital,northamerica,us,
American Institute of Biological Sciences,northamerica,us,
Therapiezentrum Burgau,europe,de,
Helsinki University Hospital,europe,fi,
Europe Hospitals,europe,be,
Eiger Biopharmaceuticals (United States),northamerica,us,
Palo Alto Veterans Institute for Research,northamerica,us,
Association Française de Normalisation,europe,fr,
Centre Hospitalier Guillaume Régnier,europe,fr,
Klinik Bavaria,europe,de,
HES-SO University of Applied Sciences and Arts Western Switzerland,europe,ch,
Davis Phinney Foundation,northamerica,us,
Azienda Ospedaliera Citta' della Salute e della Scienza di Torino,europe,it,
Great Lakes NeuroTechnologies (United States),northamerica,us,
Neuroelectronics Research Flanders,europe,be,
Országos Idegsebészeti Tudományos Intézet,europe,hu,
Escola Superior de Saúde Egas Moniz,europe,pt,
Wellesley College,northamerica,us,
University of Staffordshire,europe,gb,
University of Chicago Medical Center,northamerica,us,
American Cancer Society,northamerica,us,
Genomics Institute of the Novartis Research Foundation,northamerica,us,
Washington Center,northamerica,us,
Government of the United Kingdom,europe,gb,
Fundação Getulio Vargas,southamerica,br,
Smith Center for Healing and the Arts,northamerica,us,
Woodwell Climate Research Center,northamerica,us,
NOAA National Ice Center,northamerica,us,
Institute for Complex Systems,europe,it,
National Water Research Center,africa,eg,
London Business School,europe,gb,
Bocconi University,europe,it,
Academy of Athens,europe,gr,
Newcastle Hospitals - Campus for Ageing and Vitality,europe,gb,
Durect (United States),northamerica,us,
Universitätsmedizin Greifswald,europe,de,
Rambam Health Care Campus,asia,il,
Basque Centre for Climate Change,europe,es,
"Instituto Nacional de Metrologia, Qualidade e Tecnologia",southamerica,br,
Pakistan Council of Research in Water Resources,asia,pk,
Institute of Atmospheric Sciences and Climate,europe,it,
NOAA Physical Sciences Laboratory,northamerica,us,
V. B. Sochava Institute of Geography,europe,ru,
St Vincent's Clinic,australasia,au,
Royal Perth Hospital,australasia,au,
Tisch Hospital,northamerica,us,
Fondazione IRCCS Istituto Nazionale dei Tumori,europe,it,
Center for Cancer Research,northamerica,us,
Fraunhofer Institute for Systems and Innovation Research,europe,de,
Institute for Ecological Economy Research,europe,de,
International Institute of Social History,europe,nl,
National Center for Injury Prevention and Control,northamerica,us,
Harborview Medical Center,northamerica,us,
Center for Applied Linguistics,northamerica,us,
Institute for Fiscal Studies,europe,gb,
Economic Policy Institute,northamerica,us,
Federal Office of Meteorology and Climatology MeteoSwiss,europe,ch,
Max Planck Institute for Infection Biology,europe,de,
Arthritis UK,europe,gb,
Veneto Institute of Molecular Medicine,europe,it,
Innovation Research Center,northamerica,us,
Victorian Comprehensive Cancer Centre,australasia,au,
Melanoma Institute Australia,australasia,au,
German Sport University Cologne,europe,de,
Southampton Solent University,europe,gb,
Ifm Therapeutics (United States),northamerica,us,
Universidad de Los Lagos,southamerica,cl,
Conservation International,northamerica,us,
British Heart Foundation,europe,gb,
Vir Biotechnology (Switzerland),europe,ch,
VIR Biotechnology (United States),northamerica,us,
The Fourth People's Hospital of Zibo City,asia,cn,
Wisconsin Alumni Research Foundation,northamerica,us,
Leibniz Institute of Environmental Medicine,europe,de,
National Institute of Arthritis and Musculoskeletal and Skin Diseases,northamerica,us,
Beijing Proteome Research Center,asia,cn,
Shanghai Academy of Science & Technology,asia,cn,
Society for Maternal-Fetal Medicine,northamerica,us,
Novartis (United States),northamerica,us,
Baylor Genetics,northamerica,us,
Città della Speranza Foundation,europe,it,
"Institute of Biomembranes, Bioenergetics and Molecular Biotechnologies",europe,it,
National Defense Medical College Hospital,asia,jp,
Musashino University,asia,jp,
Kerman University of Medical Sciences,asia,ir,
University of Bamenda,africa,cm,
Cereal Research Centre,europe,it,
Holy Spirit University of Kaslik,asia,lb,
Queen Elizabeth Hospital,asia,cn,
International Institute of Molecular and Cell Biology,europe,pl,
Hamad General Hospital,asia,qa,
North South University,asia,bd,
Bangladesh Medical University,asia,bd,
Lublin Oncology Center,europe,pl,
Cooch Behar Panchanan Barma University,asia,in,
Indian Institute of Chemical Biology,asia,in,
Bose Institute,asia,in,
Harry S. Truman Memorial Veterans' Hospital,northamerica,us,
McPin Foundation,europe,gb,
Wellcome Centre for Integrative Neuroimaging,europe,gb,
Erwin L. Hahn Institute for Magnetic Resonance Imaging,europe,de,
St. Bonaventure University,northamerica,us,
Eisai (United States),northamerica,us,
Hanyang University Seoul Hospital,asia,kr,
Autism Research Institute,northamerica,us,
Southern California University of Health Sciences,northamerica,us,
Hearing4all,europe,de,
Geriatric Research Education and Clinical Center,northamerica,us,
Nottingham University Hospitals NHS Trust,europe,gb,
Michigan Medicine,northamerica,us,
Aichi Medical University,asia,jp,
South London and Maudsley NHS Foundation Trust,europe,gb,
Centro de Investigación Biomédica en Red de Salud Mental,europe,es,
Mott MacDonald (United Kingdom),europe,gb,
Loma Linda University,northamerica,us,
Brock University,northamerica,ca,
Florida Department of Children and Families,northamerica,us,
University of Westminster,europe,gb,
Birmingham Women’s and Children’s NHS Foundation Trust,europe,gb,
Simulation Technologies (United States),northamerica,us,
William Harvey Research Institute,europe,gb,
Presbyterian Hospital,northamerica,us,
Hospital Del Mar,europe,es,
Providence Health Care,northamerica,ca,
Klinikum Konstanz,europe,de,
Royal Brompton Hospital,europe,gb,
Shaanxi University of Science and Technology,asia,cn,
Guardia Civil,europe,es,
H.B. Fuller (United States),northamerica,us,
St Bernard's Hospital,europe,gi,
Michael & Associates,northamerica,us,
UCSF Benioff Children's Hospital,northamerica,us,
Imagination Institute,northamerica,us,
Max Planck Institute of Psychiatry,europe,de,
ADx NeuroSciences,europe,be,
Chiesi (Italy),europe,it,
Eisai (Japan),asia,jp,
Mahindra and Mahindra Limited (India),asia,in,
Edgware Community Hospital,europe,gb,
A-T Children's Project,northamerica,us,
Anglia Ruskin University,europe,gb,
Feinstein Institute for Medical Research,northamerica,us,
National Institute of Technology Nagaland,asia,in,
University of Guilan,asia,ir,
Allameh Tabataba'i University,asia,ir,
Urmia University of Technology,asia,ir,
Islamic Azad University South Tehran Branch,asia,ir,
Clinique Romande de Réadaptation,europe,ch,
McGill University and Génome Québec Innovation Centre,northamerica,ca,
Centro di Riferimento Oncologico,europe,it,
Guerbet (France),europe,fr,
Neuroimaging and Psychiatry,europe,fr,
Centro de Investigación Biomédica en Red,europe,es,
Hi-Z Technology (United States),northamerica,us,
Winterthur Museum Garden and Library,northamerica,us,
Fundació ACE,europe,es,
American University of Antigua,northamerica,ag,
MRB Research Center for Magnetic Resonance Bavaria,europe,de,
National Institute on Aging,northamerica,us,
Australian e-Health Research Centre,australasia,au,
Citigroup,northamerica,us,
Metropolitan University College,europe,dk,
Helios Hospital Schwerin,europe,de,
Neuropsychiatric Research Institute,northamerica,us,
John F. Kennedy Center for the Performing Arts,northamerica,us,
Institute on Aging,northamerica,us,
Fondazione Europea Ricerca Biomedica,europe,it,
University of the Arts,northamerica,us,
Teva Pharmaceuticals (United States),northamerica,us,
Path BioAnalytics (United States),northamerica,us,
Biogen (United States),northamerica,us,
Skåne University Hospital,europe,se,
Imperial Consultants,europe,gb,
Alzheimer’s Disease Neuroimaging Initiative,northamerica,us,
Chuo University,asia,jp,
Université Pierre Mendès France,europe,fr,
Schulthess-Klinik,europe,ch,
Max Planck Institute for Metabolism Research,europe,de,
University Hospital Bonn,europe,de,
Cognitive Neuroimaging Lab,europe,fr,
Denver VA Medical Center,northamerica,us,
Mount Sinai Medical Center,northamerica,us,
New York/New Jersey VA Health Care Network,northamerica,us,
Institut Cellule Souche et Cerveau,europe,fr,
The Catholic University of Korea Incheon St. Mary's Hospital,asia,kr,
VA Northern California Health Care System,northamerica,us,
Università degli Studi di Enna Kore,europe,it,
"Azienda Ospedaliera Universitaria Policlinico ""Paolo Giaccone"" di Palermo",europe,it,
Clinical Academic Center of Braga,europe,pt,
Advanced Mental Health Care,northamerica,us,
Nashua School District,northamerica,us,
Spectrum Neuroscience and Treatment Institute,northamerica,us,
Royal Brisbane and Women's Hospital,australasia,au,
Istituto Neurologico Mediterraneo,europe,it,
Sobell House,europe,gb,
Resources For The Future,northamerica,us,
Iran Banking Institute,asia,ir,
Center of Advanced European Studies and Research,europe,de,
Agricultural Research Organization,asia,il,
Universitas Muhammadiyah Tangerang,asia,id,
State University of Medan,asia,id,
College of Business Education,africa,tz,
Academy of Mathematics and Systems Science,asia,cn,
Universitas Islam Negeri Raden Intan Lampung,asia,id,
Universitas Garut,asia,id,
Universitas Gadjah Mada,asia,id,
Universitas Islam Negeri Ar-Raniry,asia,id,
University of Craiova,europe,ro,
Kahramanmaraş Sütçü İmam University,asia,tr,
Heilongjiang Institute of Technology,asia,cn,
Universitas Indraprasta PGRI,asia,id,
Istituto per le Applicazioni del Calcolo Mauro Picone,europe,it,
Universitas Pendidikan Ganesha,asia,id,
Japan University of Economics,asia,jp,
Pacific University,northamerica,us,
University of Sarjanawiyata Tamansiswa,asia,id,
Sunan Gunung Djati State Islamic University Bandung,asia,id,
Lambung Mangkurat University,asia,id,
National University of the Northeast,southamerica,ar,
Institute of Astrophysics and Space Sciences,europe,pt,
Tanjungpura University,asia,id,
IPB University,asia,id,
"Institute of Mathematics, Physics, and Mechanics",europe,si,
Universitas PGRI Semarang,asia,id,
Balai Arkeologi Sulawesi Selatan,asia,id,
Max Planck Institute for Plasma Physics,europe,de,
Yogyakarta State University,asia,id,
State University of Padang,asia,id,
Universidade Federal de Campina Grande,southamerica,br,
Çankaya University,asia,tr,
Institut Agama Islam Negeri Bengkulu,asia,id,
Universitas Ahmad Dahlan,asia,id,
Université de Parakou,africa,bj,
Pancur Kasih Association,asia,id,
Guangdong Polytechnic Normal University,asia,cn,
Château Gombert,europe,fr,
University of Pattimura,asia,id,
Université de Lorraine,europe,fr,
Satya Wacana Christian University,asia,id,
Laboratory for Atmospheric and Space Physics,northamerica,us,
Cadence Design Systems (United States),northamerica,us,
CSC - IT Center for Science (Finland),europe,fi,
University of the Arts London,europe,gb,
Universidad Nacional de Córdoba,southamerica,ar,
Universitas Islam Negeri Sultan Syarif Kasim Riau,asia,id,
Institut de Recherche et Coordination Acoustique Musique,europe,fr,
Institut de Recherche en Energie Electrique de Nantes Atlantique,europe,fr,
University of HKBP Nommensen,asia,id,
Universitas Negeri Surabaya,asia,id,
Federico Santa María Technical University,southamerica,cl,
Kyoto College of Graduate Studies for Informatics,asia,jp,
Mercu Buana University,asia,id,
Silesian University in Opava,europe,cz,
Universitas Muhammadiyah Sumatera Barat,asia,id,
Universitas Muhammadiyah Sukabumi,asia,id,
Blackstone (United States),northamerica,us,
Shivaji University,asia,in,
Hunan City University,asia,cn,
Universitas Muhammadiyah Tapanuli Selatan,asia,id,
Akdeniz University,asia,tr,
University of Okara,asia,pk,
Steklov Mathematical Institute,europe,ru,
"Analyse, Géométrie et Modélisation",europe,fr,
Basque Center for Applied Mathematics,europe,es,
Riau University,asia,id,
Université de Saida Dr Moulay Tahar,africa,dz,
Universitas Serambi Mekkah,asia,id,
Universitas Abulyatama,asia,id,
Bandung Islamic University,asia,id,
Tunis University,africa,tn,
Anhui Normal University,asia,cn,
Sultan Ageng Tirtayasa University,asia,id,
Prince Sultan University,asia,sa,
Université de Corse Pascal Paoli,europe,fr,
Lampung University,asia,id,
University of Malakand,asia,pk,
Cebu Technological University,asia,ph,
Universitas Islam Negeri Sumatera Utara,asia,id,
Universitas Kanjuruhan,asia,id,
Universidad Nacional del Sur,southamerica,ar,
GREYC,europe,fr,
Universitas Muhammadiyah Metro,asia,id,
Mathematics Research Center,northamerica,mx,
Sultan Agung Islamic University,asia,id,
Pusat Penelitian dan Pengembangan Peternakan,asia,id,
Universitas Muhammadiyah Jember,asia,id,
Bartin University,asia,tr,
University of the East,asia,ph,
State University of Malang,asia,id,
University of Sulaimani,asia,iq,
Maxwell Institute for Mathematical Sciences,europe,gb,
"Laboratoire de Génie Informatique, de Production et de Maintenance",world,,
Institut National des Sciences Appliquées de Toulouse,europe,fr,
Max Planck Institute for Mathematics,europe,de,
Berlin Mathematical School,europe,de,
Zuse Institute Berlin,europe,de,
Estonian Entrepreneurship University of Applied Sciences,europe,ee,
Chongqing Three Gorges University,asia,cn,
Huaiyin Normal University,asia,cn,
Indian Institute of Technology Patna,asia,in,
Tunis El Manar University,africa,tn,
"Vignan's Foundation for Science, Technology & Research",asia,in,
Tecnológico Nacional de México,northamerica,mx,
Zhejiang University of Finance and Economics,asia,cn,
Baise University,asia,cn,
Plovdiv University,europe,bg,
Technological Educational Institute of Eastern Macedonia and Thrace,europe,gr,
Tokat Gaziosmanpaşa Üniversitesi,asia,tr,
Republic of Korea Army,asia,kr,
Yunnan University of Finance And Economics,asia,cn,
Laboratoire d'Analyse et d'Architecture des Systèmes,europe,fr,
IBM (Spain),europe,es,
Metropolitan University of Educational Sciences,southamerica,cl,
Cameron University,northamerica,us,
Visvesvaraya National Institute of Technology,asia,in,
Technological Educational Institute of Central Greece,europe,gr,
Technological Educational Institute of Athens,europe,gr,
Ionian University,europe,gr,
Ingegneria dei Trasporti (Italy),europe,it,
Universidade Federal de Goiás,southamerica,br,
Anyang Normal University,asia,cn,
Blinn College,northamerica,us,
Hausdorff Center for Mathematics,europe,de,
Suzhou University of Technology,asia,cn,
Laboratoire de Mathématiques et de leurs Applications,europe,fr,
Institut de recherche mathématique de Rennes,europe,fr,
Shangrao Normal University,asia,cn,
Muş Alparslan University,asia,tr,
Usak University,asia,tr,
Bilecik Şeyh Edebali Üniversitesi,asia,tr,
Yalova University,asia,tr,
University of Massachusetts Dartmouth,northamerica,us,
Simón Bolívar University,southamerica,ve,
Naval Postgraduate School,northamerica,us,
Santé Internationale de la mère et de l'enfant,europe,fr,
Hazara University,asia,pk,
Institute of Information and Computational Technologies,asia,kz,
Sultan Zainal Abidin University,asia,my,
King Mongkut's University of Technology North Bangkok,asia,th,
Nanning Normal University,asia,cn,
Henan University of Economic and Law,asia,cn,
Azerbaijan National Academy of Sciences,asia,az,
State Key Laboratory of Software Development Environment,world,,
École Normale Supérieure de Rennes,europe,fr,
Red Sea University,africa,sd,
United States Naval Academy,northamerica,us,
University of Bojnord,asia,ir,
Sahand University of Technology,asia,ir,
University of Science and Technology of Mazandaran,asia,ir,
Sefako Makgatho Health Sciences University,africa,za,
Uttara University,asia,bd,
University of Burdwan,asia,in,
Lagos State University,africa,ng,
Bowen University,africa,ng,
Yulin Normal University,asia,cn,
Institute of Scientific and Technical Information of China,asia,cn,
Middle Tennessee State University,northamerica,us,
Centre Technique des Industries Mécaniques,europe,fr,
N. I. Lobachevsky State University of Nizhny Novgorod,europe,ru,
Université de Rennes,europe,fr,
Feed Control (Norway),europe,no,
Natural Process Design (United States),northamerica,us,
Helsinki Institute for Information Technology,europe,fi,
Cornerstone University,northamerica,us,
Huntington University,northamerica,us,
Daegu Catholic University,asia,kr,
Adnan Menderes University,asia,tr,
Statistics Austria,europe,at,
MRC Unit for Lifelong Health and Ageing,europe,gb,
Mersen (France),europe,fr,
Victim Support,europe,gb,
Centre de Recherche en Informatique,europe,fr,
Microsoft Research (India),asia,in,
MRC Clinical Trials Unit at UCL,europe,gb,
Translational Genomics Research Institute,northamerica,us,
Amsterdam University of the Arts,europe,nl,
Nyenrode Business University,europe,nl,
American Institutes for Research,northamerica,us,
Inje University Sanggye Paik Hospital,asia,kr,
Korea University Medical Center,asia,kr,
Center for Drug Evaluation and Research,northamerica,us,
Ulsan College,asia,kr,
Health Data Research UK,europe,gb,
Statistical Service,asia,cy,
Southern Illinois University Edwardsville,northamerica,us,
Portland State University,northamerica,us,
Istituto di Fisiologia Clinica,europe,it,
Berry & Associates (United States),northamerica,us,
RTI International,northamerica,us,
Cochrane,northamerica,ca,
Midwestern University,northamerica,us,
Roche (United Kingdom),europe,gb,
Cancer Research UK Clinical Trials Unit,europe,gb,
Obafemi Awolowo University,africa,ng,
UPMC Health System,northamerica,us,
MRC Biostatistics Unit,europe,gb,
Jinhua Central Hospital,asia,cn,
Chengdu University of Information Technology,asia,cn,
Universität Trier,europe,de,
Royal Statistical Society,europe,gb,
University College Hospital at Westmoreland Street,europe,gb,
Tata Memorial Hospital,asia,in,
Institute of Social and Preventive Medicine,europe,ch,
Loyola Marymount University,northamerica,us,
Comprehensive Clinical Trials,northamerica,us,
MRC/CSO Social and Public Health Sciences Unit,europe,gb,
Pusan National University Yangsan Hospital,asia,kr,
Royal Society of Tropical Medicine and Hygiene,europe,gb,
Open University of Sri Lanka,asia,lk,
Population Health Research Institute,northamerica,ca,
Statistics Korea,asia,kr,
International Solvay Institutes,europe,be,
Institute for Clinical Evaluative Sciences,northamerica,ca,
Patient-Centered Outcomes Research Institute,northamerica,us,
Zorginstituut Nederland,europe,nl,
Gamma Medica (United States),northamerica,us,
PricewaterhouseCoopers (Netherlands),europe,nl,
Federal Reserve Bank of Philadelphia,northamerica,us,
Federal Reserve Bank of Atlanta,northamerica,us,
Koblenz University of Applied Sciences,europe,de,
Smithsonian Conservation Biology Institute,northamerica,us,
Institute of Nature Conservation,europe,pl,
Swiss Ornithological Institute,europe,ch,
Nuffield Health,europe,gb,
Birmingham City Hospital,europe,gb,
IEC University,asia,in,
Norwegian School of Economics,europe,no,
SAS Institute (United States),northamerica,us,
Saint Leo University,northamerica,us,
AstraZeneca (United States),northamerica,us,
Harley-Davidson (United States),northamerica,us,
Phoenixville Hospital,northamerica,us,
Stetson University,northamerica,us,
Pfizer (United Kingdom),europe,gb,
Servier (France),europe,fr,
Janssen (United Kingdom),europe,gb,
Avera Health,northamerica,us,
American Society of Clinical Oncology,northamerica,us,
International Society for Neuroethology,northamerica,us,
Blue Cross and Blue Shield of North Carolina Foundation,northamerica,us,
Zimmer Biomet (United States),northamerica,us,
RAND Corporation,northamerica,us,
Office Of Health Economics,europe,gb,
Institute of Post Graduate Medical Education and Research,asia,in,
King Edward Memorial Hospital and Seth G.S. Medical College,asia,in,
Deltares,europe,nl,
Max Planck Institute for Demographic Research,europe,de,
University of Almería,europe,es,
Centre de Recherche en Économie et Statistique,europe,fr,
Yulin University,asia,cn,
Laboratoire de Physique Théorique et Hautes Energies,europe,fr,
"Islamic Azad University, Arak",asia,ir,
Institut Fourier,europe,fr,
Natural History Museum of Los Angeles County,northamerica,us,
Institute of Mathematical Statistics,northamerica,us,
Abterra Biosciences (United States),northamerica,us,
Mount Holyoke College,northamerica,us,
Statistics Finland,europe,fi,
Département de mathématiques et applications,europe,fr,
Kyungsung University,asia,kr,
Research Institute of Molecular Pathology,europe,at,
Adelphi University,northamerica,us,
Centro Nacional de Investigación sobre la Evolución Humana,europe,es,
Laboratoire Jacques-Louis Lions,europe,fr,
Laboratoire d'Informatique Gaspard-Monge,europe,fr,
Directorate of Health and Family Welfare Government of Chhattisgarh,asia,in,
Indian Institute of Management Indore,asia,in,
Laboratoire d'Informatique de l'École Polytechnique,europe,fr,
Asahi University,asia,jp,
Korea Institute for Advanced Study,asia,kr,
American Institute for Economic Research,northamerica,us,
Central South University of Forestry and Technology,asia,cn,
Forestry and Forest Products Research Institute,asia,jp,
University of the Punjab,asia,pk,
Institut de Biologie du Développement Marseille,europe,fr,
Bapuji Institute of Engineering and Technology,world,,
Alliance University,asia,in,
Maharana Pratap University of Agriculture and Technology,asia,in,
Bikaner Technical University,asia,in,
PhysioPathologie des Adaptations Nutritionnelles,europe,fr,
Institut Universitaire de France,europe,fr,
University of the Ryukyus,asia,jp,
Okayama University,asia,jp,
Abbottabad University of Science and Technology,asia,pk,
Institut de Mathématiques de Jussieu-Paris Rive Gauche,europe,fr,
"Islamic Azad University, Karaj",asia,ir,
Institute of Archaeology,asia,cn,
University of Mostar,europe,ba,
Institute of Occupational Medicine,europe,gb,
Oregon Department of Fish and Wildlife,northamerica,us,
Sardar Patel Medical College,asia,in,
Murdoch Children's Research Institute,australasia,au,
Bronx Community College,northamerica,us,
University of Ha'il,asia,sa,
Northampton Community College,northamerica,us,
Karnatak University,asia,in,
University of Engineering & Management,asia,in,
Aliah University,asia,in,
National Institute of Technology Durgapur,asia,in,
Morpho (United States),northamerica,us,
Des Moines University,northamerica,us,
Sydney Water,australasia,au,
Catholic University of Health and Allied Sciences,africa,tz,
University of Sousse,africa,tn,
Berry College,northamerica,us,
Istanbul University,asia,tr,
Anhui University of Science and Technology,asia,cn,
Abdul Wali Khan University Mardan,asia,pk,
Chifeng University,asia,cn,
University of Tulsa,northamerica,us,
Shanghai Civil Aviation College,asia,cn,
University of Bonab,asia,ir,
Museo Nacional de Ciencias Naturales,europe,es,
Hospital Universitario La Paz,europe,es,
Kafkas University,asia,tr,
Nordic Institute for Theoretical Physics,europe,se,
Saint Joseph's College,northamerica,us,
Vinh University,asia,vn,
University of Science and Technology - The University of Da Nang,asia,vn,
Dong Thap University,asia,vn,
SUNY Korea,asia,kr,
Nanjing Forest Police College,asia,cn,
Xijing University,asia,cn,
"Balochistan University of Information Technology, Engineering and Management Sciences",asia,pk,
Hubei University for Nationalities,asia,cn,
Gulbarga University,asia,in,
Chuzhou University,asia,cn,
Muséum national d'Histoire naturelle,europe,fr,
New Mexico Institute of Mining and Technology,northamerica,us,
Manisa Celal Bayar University,asia,tr,
St. Petersburg Department of Steklov Institute of Mathematics,europe,ru,
Inner Mongolia University for Nationalities,asia,cn,
Jingdezhen Ceramic Institute,asia,cn,
Academia Oamenilor de Știință din România,europe,ro,
University of Central Missouri,northamerica,us,
The Max Stern Yezreel Valley College,asia,il,
Institute for Theoretical and Experimental Physics,europe,ru,
St. Xavier's College (Autonomous),world,,
Institute of Nuclear and Particle Physics,europe,gr,
Chennai Mathematical Institute,asia,in,
Inner Mongolia Normal University,asia,cn,
Rockaway Waterfront Alliance,northamerica,us,
Université Ibn-Tofail,africa,ma,
Laboratoire de Mathématiques d'Orsay,europe,fr,
Universidade Tecnológica Federal do Paraná,southamerica,br,
Jiangxi Normal University,asia,cn,
Institute of Mathematics and Informatics,europe,bg,
Hainan Medical University,asia,cn,
Gaziantep University,asia,tr,
University of Kashmir,asia,in,
Budker Institute of Nuclear Physics,europe,ru,
Qarshi University,asia,pk,
Hannam University,asia,kr,
Sukkur IBA University,asia,pk,
Jundi-Shapur University of Technology,asia,ir,
Oles Honchar Dnipro National University,europe,ua,
Mathematical Institute of the Slovak Academy of Sciences,europe,sk,
Lindsey Wilson College,northamerica,us,
Christopher Newport University,northamerica,us,
St Xavier’s College,asia,in,
American Institute of Mathematics,northamerica,us,
Nanjing Audit University,asia,cn,
Nanjing University of Finance and Economics,asia,cn,
Burapha University,asia,th,
Landau Institute for Theoretical Physics,europe,ru,
Shanghai Maritime University,asia,cn,
Fayetteville State University,northamerica,us,
Integral University,asia,in,
College of the Holy Cross,northamerica,us,
Xinyang Normal University,asia,cn,
MacEwan University,northamerica,ca,
Sichuan Normal University,asia,cn,
Saga University,asia,jp,
Mudanjiang Normal University,asia,cn,
Université Nantes Angers Le Mans,europe,fr,
MorphoSys (Germany),europe,de,
University of South-Eastern Norway,europe,no,
Eastern Kentucky University,northamerica,us,
Serbian Academy of Sciences and Arts,europe,rs,
Institut Élie Cartan de Lorraine,europe,fr,
Thang Long University,asia,vn,
Northeast Catholic College,northamerica,us,
Universidade Brasil,southamerica,br,
Vasyl Stefanyk Carpathian National University,europe,ua,
National University of Uzbekistan,asia,uz,
University of Taipei,asia,tw,
University of Ostrava,europe,cz,
Elekta (Sweden),europe,se,
Urbana University,northamerica,us,
Centre Lyonnais d'Acoustique,world,,
Shaoguan University,asia,cn,
Laboratoire de Mathématiques de Besançon,europe,fr,
Helmholtz-Institute Ulm,europe,de,
Center for Mathematical Modeling,southamerica,cl,
Hong Kong Jockey Club,asia,hk,
Max Planck Institute for Mathematics in the Sciences,europe,de,
Université Bourgogne Franche-Comté,europe,fr,
Wuhan Institute of Physics and Mathematics,asia,cn,
National Polytechnic School,southamerica,ec,
Baruch College,northamerica,us,
Institut Montpelliérain Alexander Grothendieck,europe,fr,
"Laboratoire Analyse, Géométrie et Applications",europe,fr,
Oberlin College,northamerica,us,
Université de Bourgogne,europe,fr,
Saigon University,asia,vn,
"Institute of Mathematics, Academia Sinica",asia,tw,
Denison University,northamerica,us,
Institute for Computational Science and Technology,asia,vn,
Government of West Bengal,asia,in,
Fairfield University,northamerica,us,
Central University of Finance and Economics,asia,cn,
Northeast Normal University,asia,cn,
Laboratoire de Mathématiques Jean Leray,europe,fr,
Unité de Mathématiques Pures et Appliquées,europe,fr,
Institut de Physique Théorique,europe,fr,
Natural History Museum Aarhus,europe,dk,
Institute of Geosphere Dynamics,europe,ru,
HOPE Clinic,northamerica,us,
University of Missouri–Kansas City,northamerica,us,
Changchun Institute of Applied Chemistry,asia,cn,
Nagano University,asia,jp,
United Nations University,europe,de,
Nanjing Xiaozhuang University,asia,cn,
Brockhouse Institute for Materials Research,northamerica,ca,
Hebei University of Science and Technology,asia,cn,
Fujifilm (Japan),asia,jp,
Japan Chemical Industry Association,asia,jp,
Mitsubishi Chemical (Japan),asia,jp,
Torrington Hospital,europe,gb,
Bacha Khan University,asia,pk,
Shaheed Benazir Bhutto University,asia,pk,
Jaypee University of Information Technology,asia,in,
ECSI Fibrotools (United States),northamerica,us,
Kansas City Kansas Community College,northamerica,us,
Fraunhofer Institute for Ceramic Technologies and Systems,europe,de,
Copenhagen Business School,europe,dk,
Committee on Climate Change,europe,gb,
Great Zimbabwe University,africa,zw,
Fraunhofer Institute for Interfacial Engineering and Biotechnology,europe,de,
Toyota Technological Institute,asia,jp,
King University,northamerica,us,
Hirosaki University,asia,jp,
University of Science and Technology Liaoning,asia,cn,
Bhagwant University,asia,in,
University College for Women,asia,in,
Jatiya Kabi Kazi Nazrul Islam University,asia,bd,
International Graduate School of English,asia,kr,
China XD Group (China),asia,cn,
Proton OnSite (United States),northamerica,us,
Guizhou Normal University,asia,cn,
Devi Ahilya Vishwavidyalaya,asia,in,
Energy Research Institute,asia,cn,
Yellow River Institute of Hydraulic Research,asia,cn,
NOAA Air Resources Laboratory,northamerica,us,
Cooperative Institute for Climate and Satellites,northamerica,us,
NOAA National Centers for Environmental Information,northamerica,us,
NOAA Center for Satellite Applications and Research,northamerica,us,
Fund for Scientific Research,europe,be,
Comisión Nacional de Energía Atómica,southamerica,ar,
Asia Center for Air Pollution Research,asia,jp,
Jan Kochanowski University,europe,pl,
Institute of Geological Sciences,asia,am,
Fridtjof Nansen Institute,europe,no,
Institute of Earth Environment,asia,cn,
Graduate Institute of International and Development Studies,europe,ch,
Williams College,northamerica,us,
Shanghai Academy of Environmental Sciences,asia,cn,
"California State University, Dominguez Hills",northamerica,us,
World Meteorological Organization,europe,ch,
Historic England,europe,gb,
NOAA Earth System Research Laboratory,northamerica,us,
Earth System Science Interdisciplinary Center,northamerica,us,
Desert Research Institute,northamerica,us,
Oeschger Centre for Climate Change Research,europe,ch,
British Antarctic Survey,europe,gb,
India Meteorological Department,asia,in,
Meteorological Research Institute,world,,
United States Army Corps of Engineers,northamerica,us,
University Corporation for Atmospheric Research,northamerica,us,
Leibniz Institute for Tropospheric Research,europe,de,
Chinese Academy of Meteorological Sciences,asia,cn,
Central Institution for Meteorology and Geodynamics,europe,at,
Earth Cryosphere Institute,europe,ru,
Mongolian Academy of Sciences,asia,mn,
Jolly Aero (Slovenia),europe,si,
"Centro de Investigaciones Energéticas, Medioambientales y Tecnológicas",europe,es,
Magee Scientific (United States),northamerica,us,
NOAA Environmental Modeling Center,world,,
Georgian Court University,northamerica,us,
Aerodyne Research,northamerica,us,
Trent University,northamerica,ca,
University of Maine,northamerica,us,
Bjerknes Centre for Climate Research,europe,no,
Institute of Arctic and Alpine Research,northamerica,us,
Institute of Atmospheric Physics,asia,cn,
Met Office,europe,gb,
National Observatory of Athens,europe,gr,
Ion Beam Applications (France),europe,fr,
Sukachev Institute of Forest,europe,ru,
Arctic and Antarctic Research Institute,europe,ru,
Instytut Oceanologii Polskiej Akademii Nauk,europe,pl,
Hydrometeorological Research Centre of Russian Federation,europe,ru,
Norwegian Polar Institute,europe,no,
Luther College,northamerica,us,
NOAA Oceanic and Atmospheric Research,northamerica,us,
Earth and Space Research,northamerica,us,
International Centre for Integrated Mountain Development,asia,np,
Northwest Institute of Eco-Environment and Resources,asia,cn,
Nansen Environmental and Remote Sensing Center,world,,
École nationale des ponts et chaussées,europe,fr,
International Research Institute of Stavanger,europe,no,
European Environment Agency,europe,dk,
Environics Oy (Finland),europe,fi,
German Environment Agency,europe,de,
International Arctic Research Center,world,,
NOAA Pacific Marine Environmental Laboratory,northamerica,us,
Western Norway University of Applied Sciences,europe,no,
Arctic Monitoring And Assessment Programme,europe,no,
Danish Energy Agency,europe,dk,
Center for Innovation,northamerica,us,
Meteorological Service Singapore,asia,sg,
Hong Kong Observatory,asia,cn,
Japan Meteorological Agency,asia,jp,
NOAA National Severe Storms Laboratory,northamerica,us,
Japan Aerospace Exploration Agency,asia,jp,
Somalia Water and Land Information,africa,ke,
Alaska Department of Natural Resources,northamerica,us,
Melnikov Permafrost Institute of the Siberian Branch of the Russian Academy of Science,europe,ru,
Alaska Biological Research (United States),northamerica,us,
Zhejiang Environmental Monitoring Center,asia,cn,
Shanghai Meteorological Bureau,asia,cn,
Shanghai Institute of Pollution Control and Ecological Security,world,,
Stony Brook School,northamerica,us,
Air Canada,northamerica,ca,
Leibniz Institute for Baltic Sea Research Warnemünde,europe,de,
Applied Research Laboratory at the University of Hawai‘i,world,,
Northrop Grumman (United States),northamerica,us,
Royal Meteorological Society,europe,gb,
Sonoma Technology (United States),northamerica,us,
Royal Belgian Institute for Space Aeronomy,europe,be,
Wheaton College - Massachusetts,northamerica,us,
Pedagogical and Technological University of Colombia,southamerica,co,
Norwegian Water Resources and Energy Directorate,europe,no,
Instituto Pirenaico de Ecología,europe,es,
Institute of Geosciences and Earth Resources,europe,it,
University of Alaska Southeast,northamerica,us,
Museo delle Scienze,europe,it,
Marine and Freshwater Research Institute,europe,is,
Vaisala (United States),northamerica,us,
National Institute of Chemistry,europe,si,
Alion Science and Technology (United States),northamerica,us,
Northwest Normal University,asia,cn,
ENVIRON (United States),northamerica,us,
University of Northern British Columbia,northamerica,ca,
Analytical Imaging and Geophysics (United States),northamerica,us,
Northwest Watershed Research Center,northamerica,us,
National Energy Research Scientific Computing Center,northamerica,us,
Littelfuse (United States),northamerica,us,
Cooperative Institute for Mesoscale Meteorological Studies,northamerica,us,
Institute of Geophysics Polish Academy of Sciences,europe,pl,
University of Hyogo,asia,jp,
Norwegian Meteorological Institute,europe,no,
Center for Excellence in Tibetan Plateau Earth Sciences,asia,cn,
Global Climate Forum,europe,de,
Mercator Ocean (France),europe,fr,
Collecte Localisation Satellites (France),europe,fr,
National Snow and Ice Data Center,world,,
Oulu University of Applied Sciences,europe,fi,
Northern Michigan University,northamerica,us,
Centre National de Recherches Météorologiques,europe,fr,
Center for Northern Studies,northamerica,ca,
Abisko Scientific Research Station,europe,se,
NOAA Chemical Sciences Laboratory,northamerica,us,
Instituto de Química Física Blas Cabrera,europe,es,
Tofwerk (Switzerland),europe,ch,
Western Carolina University,northamerica,us,
Korea Polar Research Institute,asia,kr,
"Institute of Earth Sciences, Academia Sinica",asia,tw,
University of the Philippines System,asia,ph,
Hanoi University of Mining and Geology,asia,vn,
Environmental Earth Observation Information Technology (Austria),europe,at,
Swedish Meteorological and Hydrological Institute,europe,se,
Agencia Estatal de Meteorología,europe,es,
Met Éireann,europe,ie,
Danish Meteorological Institute,europe,dk,
China National Environmental Monitoring Center,asia,cn,
Agricultural Genomics Institute at Shenzhen,asia,cn,
Federal Scientific Center of the East Asia Terrestrial Biodiversity FEB RAS,europe,ru,
University of Botswana,africa,bw,
Natural Environment Research Council,europe,gb,
SUNY Plattsburgh,northamerica,us,
Landesklinikum Korneuburg,europe,at,
Physikalisch-Meteorologisches Observatorium Davos,europe,ch,
Norwegian Institute of Marine Research,europe,no,
Bermuda Institute of Ocean Sciences,northamerica,bm,
William Paterson University,northamerica,us,
Cyprus Institute,asia,cy,
Laboratoire de Glaciologie et Géophysique de l’Environnement,europe,fr,
Chinese Academy for Environmental Planning,asia,cn,
CMCC Foundation - Euro-Mediterranean Center on Climate Change,europe,it,
Bureau of Meteorology,australasia,au,
South Australian Research and Development Institute,australasia,au,
Tianjin Meteorological Bureau,asia,cn,
Royal Meteorological Institute of Belgium,europe,be,
Sphere Institute,northamerica,us,
Brooklyn Botanic Garden,northamerica,us,
Bury College,europe,gb,
John F. Kennedy University,northamerica,us,
Université Savoie Mont Blanc,europe,fr,
Universidad EAFIT,southamerica,co,
Shimane University,asia,jp,
University of the South Pacific,australasia,fj,
National Park Service,northamerica,us,
Worcester State University,northamerica,us,
Climate Centre,europe,nl,
College of Wooster,northamerica,us,
IVL Swedish Environmental Research Institute,europe,se,
Appalachian State University,northamerica,us,
Rocky Mountain Research Station,northamerica,us,
G & A Technical Software (United States),northamerica,us,
Tirol Kliniken,europe,at,
Tibet University,asia,cn,
Royal Alberta Museum,northamerica,ca,
NOAA Climate Prediction Center,world,,
Institute of Tibetan Plateau Research,asia,cn,
Wyle (United States),northamerica,us,
Vestlandsforsking,europe,no,
Past Global Changes,europe,ch,
Smithsonian Environmental Research Center,northamerica,us,
Intergovernmental Oceanographic Commission of UNESCO,europe,fr,
Instituto Geofísico del Perú,southamerica,pe,
University of Maryland Center for Environmental Science,northamerica,us,
Istituto di Scienze Marine del Consiglio Nazionale delle Ricerche,europe,it,
European Organisation for the Exploitation of Meteorological Satellites,europe,de,
FMP Technology (Germany),europe,de,
Institut d'Etudes Politiques de Paris,europe,fr,
Pacific Community,australasia,nc,
Nippon Foundation,asia,jp,
Ocean Conservancy,northamerica,us,
Scottish Natural Heritage,europe,gb,
International Union for Conservation of Nature,europe,ch,
Plymouth Marine Laboratory,europe,gb,
"Institute of Hydrobiology, Biology Centre, Academy of Sciences of the Czech Republic",europe,cz,
Bay Institute,northamerica,us,
Instituto de Investigacións Mariñas,europe,es,
National Geospatial-Intelligence Agency,northamerica,us,
Mount Allison University,northamerica,ca,
Laboratoire d'Océanographie et du Climat : Expérimentations et Approches Numériques,europe,fr,
Laboratoire des Sciences du Climat et de l'Environnement,europe,fr,
Atmospheric and Environmental Research,northamerica,us,
Géosciences Rennes,europe,fr,
Patagonian Ecosystems Investigation Research Center,southamerica,cl,
Israel Oceanographic and Limnological Research,asia,il,
California Maritime Academy,northamerica,us,
Tiburon Associates (United States),northamerica,us,
NOAA Great Lakes Environmental Research Laboratory,northamerica,us,
"Research Center for Environmental Changes, Academia Sinica",asia,tw,
Minnesota Sea Grant,northamerica,us,
Guangdong Province Environmental Monitoring Center,asia,cn,
University of Maiduguri,africa,ng,
Lake Chad Basin Commission,africa,td,
Catholic University of America,northamerica,us,
Science Applications International Corporation (United States),northamerica,us,
Noveltis (France),europe,fr,
Institut des Géosciences de l'Environnement,europe,fr,
Centro de Investigación Científica y de Educación Superior de Ensenada,northamerica,mx,
Tampa Bay Estuary Program,northamerica,us,
Florida Department of Environmental Protection,northamerica,us,
Beijing Institute of Water,asia,cn,
International Food Policy Research Institute,northamerica,us,
National Marine Fisheries Research Institute,europe,pl,
Johann Heinrich von Thünen-Institut,europe,de,
Yantai Institute of Coastal Zone Research,asia,cn,
Port and Airport Research Institute,asia,jp,
University Settlement,northamerica,us,
Argentine Naval Hydrographic Service,southamerica,ar,
Second Institute of Oceanography,asia,cn,
Federal Maritime and Hydrographic Agency of Germany,europe,de,
Indian National Centre for Ocean Information Services,asia,in,
Marine Institute,europe,ie,
National Institute of Meteorological Sciences,asia,kr,
Instituto Español de Oceanografía,europe,es,
Creighton University,northamerica,us,
Nanjing Institute of Geography and Limnology,asia,cn,
Wisconsin Department of Natural Resources,northamerica,us,
NOAA National Centers for Coastal Ocean Science,northamerica,us,
Kenyatta University,africa,ke,
Kenya Marine and Fisheries Research Institute,africa,ke,
Kreditanstalt für Wiederaufbau,europe,de,
Estonian University of Life Sciences,europe,ee,
Ocean Institute,northamerica,us,
Eagle Mount,northamerica,us,
Water and Power Development Authority,asia,pk,
Overseas Development Institute,europe,gb,
Institute for Social and Environmental Research-Nepal,asia,np,
National Institute of Hydrology,asia,in,
Institute for Social and Environmental Transition-International,northamerica,us,
Families USA,northamerica,us,
Institute of the Estonian Language,europe,ee,
DHI,europe,dk,
NOAA National Marine Fisheries Service Southwest Fisheries Science Center,northamerica,us,
Farallon Institute,northamerica,us,
El Colegio de la Frontera Sur,northamerica,mx,
CoNISMa,europe,it,
National Institute of Oceanography,asia,in,
Austral University of Chile,southamerica,cl,
Institut de Ciències del Mar,europe,es,
Flanders Marine Institute,europe,be,
NSF NCAR Climate and Global Dynamics Laboratory,northamerica,us,
South African National Biodiversity Institute,africa,za,
Catalan Institute for Water Research,europe,es,
Project Seagrass,europe,gb,
National Centre for Polar and Ocean Research,asia,in,
National Association of Social Workers,northamerica,us,
Auckland Institute of Studies,australasia,nz,
Hellenic Centre for Marine Research,europe,gr,
Institute for Coastal Marine Environment,europe,it,
University of Malta,europe,mt,
UN Environment Programme World Conservation Monitoring Centre,europe,gb,
Institute for Agricultural and Earthmoving Machines,europe,it,
Department of Fisheries,africa,zm,
California Department of Fish and Wildlife,northamerica,us,
MSD (Spain),europe,es,
Institute for Marine and Antarctic Studies,world,,
Institut Català de Ciències del Clima,europe,es,
South African Institute for Aquatic Biodiversity,africa,za,
Northwest Research Associates,northamerica,us,
Centre d'Estudis Avançats de Blanes,europe,es,
Natural England,europe,gb,
Ministry of Infrastructure and Water Management,europe,nl,
NOAA National Environmental Satellite Data and Information Service,northamerica,us,
NOAA National Ocean Service,northamerica,us,
Geological Society of America,northamerica,us,
ARC Centre of Excellence for Coral Reef Studies,australasia,au,
Remote Sensing Systems (United States),northamerica,us,
Institut Pierre-Simon Laplace,europe,fr,
Central Research Institute of Electric Power Industry,asia,jp,
British Oceanographic Data Centre,europe,gb,
Natural Resources Defense Council,northamerica,us,
NOAA Atlantic Oceanographic and Meteorological Laboratories,northamerica,us,
Muquans (France),europe,fr,
Department of Water,australasia,au,
Department for Environment and Water,australasia,au,
Healthy Waterways,australasia,au,
Service Hydrographique et Océanographique de la Marine,europe,fr,
Norwegian Institute for Water Research,europe,no,
Galway Clinic,europe,ie,
Hokkaido University of Science,asia,jp,
Senckenberg am Meer,europe,de,
University of Szczecin,europe,pl,
Brockmann Consult (Germany),europe,de,
Indian Institute of Remote Sensing,asia,in,
Korea Institute of Ocean Science and Technology,asia,kr,
Institute of Materials Research of the Slovak Academy of Sciences,europe,sk,
Consorzio Roma Ricerche,europe,it,
Stennis Space Center,northamerica,us,
University of Southern Mississippi,northamerica,us,
NOAA National Marine Fisheries Service Southeast Fisheries Science Center,northamerica,us,
Tianjin Normal University,asia,cn,
Chinese Academy of Fishery Sciences,asia,cn,
Institute of Oceanology. PP Shirshov Russian Academy of Sciences,europe,ru,
Association for the Sciences of Limnology and Oceanography,northamerica,us,
Marine Scotland,europe,gb,
Havstovan,europe,fo,
Bedford Institute of Oceanography,northamerica,ca,
Swedish Environmental Protection Agency,europe,se,
Cape Town Science Centre,africa,za,
Indian Institute of Soil and Water Conservation,asia,in,
Sri Ramakrishna Institute of Paramedical Sciences,asia,in,
Institute of Engineering,asia,np,
Vignana Jyothi Institute of Management,asia,in,
National Institute of Technology Warangal,asia,in,
Skidaway Institute of Oceanography,northamerica,us,
Numerical Algorithms Group (United Kingdom),europe,gb,
Environmental Systems Research Institute (United States),northamerica,us,
Hartebeesthoek Radio Astronomy Observatory,africa,za,
United States Naval Observatory,northamerica,us,
Institute of Applied Astronomy,europe,ru,
V.I. Vernadsky Crimean Federal University,europe,ua,
Cerebral Palsy Alliance,australasia,au,
Universidad Autónoma de Baja California,northamerica,mx,
Tula Foundation,northamerica,ca,
College of Staten Island,northamerica,us,
Instituto de Fomento Pesquero,southamerica,cl,
South China Institute Of Environmental Sciences,asia,cn,
Max Planck Institute for Marine Microbiology,europe,de,
Shanghai Ocean University,asia,cn,
National Satellite Ocean Application Service,asia,cn,
Magellium (France),europe,fr,
International Space Science Institute,europe,ch,
Louisiana Universities Marine Consortium,northamerica,us,
"Istituto Nazionale di Fisica Nucleare, Sezione di Catania",europe,it,
Laboratoire d'Astrophysique de Bordeaux,europe,fr,
Cawthron Institute,australasia,nz,
National Museum of Natural History,northamerica,us,
State Key Laboratory of Hydrology-Water Resources and Hydraulic Engineering,asia,cn,
Oceanography Society,northamerica,us,
Center of Plant Systems Biology and Biotechnology,europe,bg,
Skidmore College,northamerica,us,
Thermo Fisher Scientific (United States),northamerica,us,
Museums Victoria,australasia,au,
Sydney Institute of Marine Science,australasia,au,
Antarctic Climate and Ecosystems Cooperative Research Centre,australasia,au,
Ministry of Water Resources of the People's Republic of China,asia,cn,
GEOMAR Technologie GmbH - GTG,europe,de,
Physical Research Laboratory,asia,in,
Laboratoire Chrono-Environnement,europe,fr,
Key Laboratory of Nuclear Radiation and Nuclear Energy Technology,asia,cn,
"United Nations University Institute for Water, Environment, and Health",northamerica,ca,
Hydrobiological Institute,europe,mk,
Montclair State University,northamerica,us,
Lamar University,northamerica,us,
IWW Water Centre,europe,de,
Institute of Environmental Protection,europe,pl,
Experimental Station,northamerica,us,
United Nations Development Programme,northamerica,us,
Tambov State Technical University,europe,ru,
Hormozgan University of Medical Sciences,asia,ir,
Asia Pacific University of Technology & Innovation,asia,my,
Persian Gulf University,asia,ir,
National Environmental Engineering Research Institute,asia,in,
Shenyang University of Technology,asia,cn,
Natel Energy (United States),northamerica,us,
International Water Management Institute (IWMI),asia,lk,
University of Hassan II Casablanca,africa,ma,
Government College Women University Faisalabad,asia,pk,
Government College Women University Sialkot,world,,
State Key Laboratory of Vehicle NVH and Safety Technology,asia,cn,
Mekelle University,africa,et,
Jilin Jianzhu University,asia,cn,
Institute for Research on Combustion,europe,it,
AgResearch,australasia,nz,
Madda Walabu University,africa,et,
Policy Analysis (United States),northamerica,us,
National Socio-Environmental Synthesis Center,northamerica,us,
Shanghai Estuarine & Coastal Science Research Center,asia,cn,
Islamic Azad University of Gachsaran,asia,ir,
Southwest Texas Junior College,northamerica,us,
Catalytic Materials (United States),northamerica,us,
Orange Coast Memorial Medical Center,northamerica,us,
USP Technologies (United Kingdom),europe,gb,
National Institute of Technology Srinagar,asia,in,
Recep Tayyip Erdoğan University,asia,tr,
University of Technology and Applied Sciences-Suhar,asia,om,
St. Joseph's Institute of Technology,asia,in,
University of Bouira,africa,dz,
University of Batna 1,africa,dz,
Université de Limoges,europe,fr,
Shenzhen Metro (China),asia,cn,
City of Scientific Research and Technological Applications,africa,eg,
Anhui Agricultural University,asia,cn,
Ladoke Akintola University of Technology,africa,ng,
NOAA National Weather Service,northamerica,us,
Korea Institute of Toxicology,asia,kr,
Shanghai Institute of Quality Inspection and Technical Research,asia,cn,
National Forensic Sciences University,asia,in,
Shaoxing University,asia,cn,
ZheJiang Institute For Food and Drug Control,asia,cn,
Consortium of Universities for the Advancement of Hydrologic Science,northamerica,us,
Shanghai Institute of Technology,asia,cn,
MCC Huatian Engineering and Technology Corporation,asia,cn,
Kaduna State University,africa,ng,
Korea Environmental Industry and Technology Institute,asia,kr,
Yasouj University,asia,ir,
Utah Department of Natural Resources,northamerica,us,
Salt Lake Community College,northamerica,us,
HUTECH University,world,,
Ho Chi Minh City University of Transport,asia,vn,
Islamic Azad University Islamshahr Branch,asia,ir,
Research Institute for Humanity and Nature,asia,jp,
Healthcentric Advisors,northamerica,us,
Engie (France),europe,fr,
Łukasiewicz Research Network - Textile Research Institute,europe,pl,
United States Bureau of Reclamation,northamerica,us,
Acciona (Spain),europe,es,
Suez (Canada),northamerica,ca,
"Grassland, Soil and Water Research Laboratory",northamerica,us,
Montana State University Billings,northamerica,us,
SHOWA Medical University,asia,jp,
Tarleton State University,northamerica,us,
National Institute of Technology Calicut,asia,in,
Qatar Science and Technology Park,asia,qa,
Centre for Research and Development,africa,zw,
Pokhara University,asia,np,
Institute for Global Environmental Strategies,asia,jp,
Quchan University of Advanced Technology,asia,ir,
Autonomous University of Aguascalientes,northamerica,mx,
Lakewood Regional Medical Center,northamerica,us,
"Toray Industries, Inc. (Japan)",asia,jp,
Globe University,northamerica,us,
"Islamic Azad University, Omidieh Branch",asia,ir,
